{
  "config": {
    "experiment_info": {
      "experiment_name": "reacher2d_sac_20250911_114246",
      "start_time": "2025-09-11T11:42:46.702249",
      "log_dir": "./map_elites_experiments/individual_66029/training_logs/reacher2d_sac_20250911_114246",
      "python_version": "3.10.12",
      "platform": "posix"
    },
    "hyperparams": {
      "learning_rate": 5.4628182133091364e-05,
      "alpha": 0.5431195835443344,
      "warmup_steps": 1000,
      "target_entropy_factor": 0.8,
      "batch_size": 64,
      "buffer_capacity": 10000,
      "gamma": 0.99,
      "seed": 42,
      "num_processes": 2,
      "update_frequency": 1,
      "total_steps": 120000,
      "optimizer": "Adam",
      "network_architecture": {
        "attn_model_dims": "128-130-130-4",
        "action_dim": 3
      }
    },
    "env_config": {
      "env_name": "reacher2d",
      "env_type": "reacher2d",
      "goal_threshold": 20.0,
      "action_dim": 3,
      "num_links": 3,
      "link_lengths": [
        71.1992803948825,
        98.27852745026564,
        81.49026983901041
      ],
      "config_path": "/home/xli149/Documents/repos/test_robo/examples/2d_reacher/configs/reacher_with_zigzag_obstacles.yaml",
      "render_mode": null,
      "reward_function": "\u8ddd\u79bb+\u8fdb\u5ea6+\u6210\u529f+\u78b0\u649e+\u65b9\u5411\u5956\u52b1",
      "physics_engine": "PyMunk",
      "obstacle_type": "zigzag",
      "action_space": "continuous",
      "observation_space": "joint_angles_and_positions"
    },
    "training_metrics": {
      "total_steps": 0,
      "total_episodes": 0,
      "training_time_hours": 0,
      "avg_steps_per_second": 0
    }
  },
  "steps": [
    1000
  ],
  "times": [
    8.194361209869385
  ],
  "episodes": [
    10
  ],
  "metrics": {
    "lr": [
      2.7314091066545682e-05
    ],
    "critic_loss": [
      4.4294454934205545
    ],
    "actor_loss": [
      -0.9812082827655475
    ],
    "alpha_loss": [
      -0.0
    ],
    "alpha": [
      0.9999453733100843
    ],
    "q1_mean": [
      -2.8195714589315832
    ],
    "q2_mean": [
      -5.1257116877102
    ],
    "q1_std": [
      2.198347540646551
    ],
    "q2_std": [
      3.1324092984817913
    ],
    "q1_max": [
      1.5982555648971128
    ],
    "q1_min": [
      -7.001718396925744
    ],
    "q2_max": [
      -0.5408794398592475
    ],
    "q2_min": [
      -12.316117492260862
    ],
    "q_diff_mean": [
      3.7760229585991585
    ],
    "target_q_mean": [
      -2.0284952244537817
    ],
    "buffer_size": [
      1002.0
    ],
    "entropy_term": [
      -1.062034159118992
    ],
    "q_term": [
      -0.08082587635344435
    ],
    "log_probs_mean": [
      -1.9554333728647415
    ],
    "step": [
      1000.0
    ],
    "learning_rate": [
      5.4628182133091364e-05
    ],
    "warmup_progress": [
      1.0
    ]
  }
}