{
  "config": {
    "experiment_info": {
      "experiment_name": "reacher2d_sac_20250911_113753",
      "start_time": "2025-09-11T11:37:53.116990",
      "log_dir": "./map_elites_experiments/individual_72421/training_logs/reacher2d_sac_20250911_113753",
      "python_version": "3.10.12",
      "platform": "posix"
    },
    "hyperparams": {
      "learning_rate": 4.804751384212061e-05,
      "alpha": 0.9980329680235017,
      "warmup_steps": 1000,
      "target_entropy_factor": 0.8,
      "batch_size": 64,
      "buffer_capacity": 10000,
      "gamma": 0.99,
      "seed": 42,
      "num_processes": 2,
      "update_frequency": 1,
      "total_steps": 120000,
      "optimizer": "Adam",
      "network_architecture": {
        "attn_model_dims": "128-130-130-4",
        "action_dim": 5
      }
    },
    "env_config": {
      "env_name": "reacher2d",
      "env_type": "reacher2d",
      "goal_threshold": 20.0,
      "action_dim": 5,
      "num_links": 5,
      "link_lengths": [
        87.11653325161387,
        44.79032341566459,
        62.643940780758584,
        71.97804998459027,
        57.39869833546766
      ],
      "config_path": "/home/xli149/Documents/repos/test_robo/examples/2d_reacher/configs/reacher_with_zigzag_obstacles.yaml",
      "render_mode": null,
      "reward_function": "\u8ddd\u79bb+\u8fdb\u5ea6+\u6210\u529f+\u78b0\u649e+\u65b9\u5411\u5956\u52b1",
      "physics_engine": "PyMunk",
      "obstacle_type": "zigzag",
      "action_space": "continuous",
      "observation_space": "joint_angles_and_positions"
    },
    "training_metrics": {
      "total_steps": 0,
      "total_episodes": 0,
      "training_time_hours": 0,
      "avg_steps_per_second": 0
    }
  },
  "steps": [
    1000
  ],
  "times": [
    8.242798089981079
  ],
  "episodes": [
    10
  ],
  "metrics": {
    "lr": [
      2.4023756921060305e-05
    ],
    "critic_loss": [
      5.959109855648273
    ],
    "actor_loss": [
      -3.171792554571915
    ],
    "alpha_loss": [
      -0.0
    ],
    "alpha": [
      0.9999519536404874
    ],
    "q1_mean": [
      1.5515231716791615
    ],
    "q2_mean": [
      -0.8824234008432214
    ],
    "q1_std": [
      3.218769253851157
    ],
    "q2_std": [
      4.378400818535139
    ],
    "q1_max": [
      7.690417887182524
    ],
    "q1_min": [
      -6.329089130216343
    ],
    "q2_max": [
      7.351103913933034
    ],
    "q2_min": [
      -9.976665426165551
    ],
    "q_diff_mean": [
      5.764724868888703
    ],
    "target_q_mean": [
      -0.6784801472433422
    ],
    "buffer_size": [
      1002.0
    ],
    "entropy_term": [
      -3.245075588073801
    ],
    "q_term": [
      -0.07328303350188622
    ],
    "log_probs_mean": [
      -3.251471336162701
    ],
    "step": [
      1000.0
    ],
    "learning_rate": [
      4.804751384212061e-05
    ],
    "warmup_progress": [
      1.0
    ]
  }
}