{
  "config": {
    "experiment_info": {
      "experiment_name": "reacher2d_sac_20250911_112940",
      "start_time": "2025-09-11T11:29:40.595048",
      "log_dir": "./map_elites_experiments/individual_79864/training_logs/reacher2d_sac_20250911_112940",
      "python_version": "3.10.12",
      "platform": "posix"
    },
    "hyperparams": {
      "learning_rate": 4.512011299623887e-06,
      "alpha": 0.6912445300745315,
      "warmup_steps": 1000,
      "target_entropy_factor": 0.8,
      "batch_size": 64,
      "buffer_capacity": 10000,
      "gamma": 0.99,
      "seed": 42,
      "num_processes": 2,
      "update_frequency": 1,
      "total_steps": 120000,
      "optimizer": "Adam",
      "network_architecture": {
        "attn_model_dims": "128-130-130-4",
        "action_dim": 5
      }
    },
    "env_config": {
      "env_name": "reacher2d",
      "env_type": "reacher2d",
      "goal_threshold": 20.0,
      "action_dim": 5,
      "num_links": 5,
      "link_lengths": [
        66.23133168636525,
        83.26023056995432,
        68.18303298608183,
        66.41999534792272,
        80.3219917445108
      ],
      "config_path": "/home/xli149/Documents/repos/test_robo/examples/2d_reacher/configs/reacher_with_zigzag_obstacles.yaml",
      "render_mode": null,
      "reward_function": "\u8ddd\u79bb+\u8fdb\u5ea6+\u6210\u529f+\u78b0\u649e+\u65b9\u5411\u5956\u52b1",
      "physics_engine": "PyMunk",
      "obstacle_type": "zigzag",
      "action_space": "continuous",
      "observation_space": "joint_angles_and_positions"
    },
    "training_metrics": {
      "total_steps": 0,
      "total_episodes": 0,
      "training_time_hours": 0,
      "avg_steps_per_second": 0
    }
  },
  "steps": [
    1000
  ],
  "times": [
    8.280684471130371
  ],
  "episodes": [
    10
  ],
  "metrics": {
    "lr": [
      1e-05
    ],
    "critic_loss": [
      7.378075228861571
    ],
    "actor_loss": [
      -2.179201258456788
    ],
    "alpha_loss": [
      -0.0
    ],
    "alpha": [
      0.9999954879988857
    ],
    "q1_mean": [
      2.1647317251026577
    ],
    "q2_mean": [
      -1.6400782252639459
    ],
    "q1_std": [
      3.3743788018999172
    ],
    "q2_std": [
      4.5515315323391885
    ],
    "q1_max": [
      9.425190378833788
    ],
    "q1_min": [
      -4.968577339343124
    ],
    "q2_max": [
      7.42271242286131
    ],
    "q2_min": [
      -10.489519101247982
    ],
    "q_diff_mean": [
      6.5017473568080995
    ],
    "target_q_mean": [
      -1.88287030426266
    ],
    "buffer_size": [
      1002.0
    ],
    "entropy_term": [
      -2.251404011491575
    ],
    "q_term": [
      -0.07220275303478711
    ],
    "log_probs_mean": [
      -3.2570297681036604
    ],
    "step": [
      1000.0
    ],
    "learning_rate": [
      4.512011299623887e-06
    ],
    "warmup_progress": [
      1.0
    ]
  }
}