{
  "config": {
    "experiment_info": {
      "experiment_name": "reacher2d_sac_20250911_114246",
      "start_time": "2025-09-11T11:42:46.702909",
      "log_dir": "./map_elites_experiments/individual_66027/training_logs/reacher2d_sac_20250911_114246",
      "python_version": "3.10.12",
      "platform": "posix"
    },
    "hyperparams": {
      "learning_rate": 0.000348081761193989,
      "alpha": 0.4158418138773978,
      "warmup_steps": 1000,
      "target_entropy_factor": 0.8,
      "batch_size": 64,
      "buffer_capacity": 10000,
      "gamma": 0.99,
      "seed": 42,
      "num_processes": 2,
      "update_frequency": 1,
      "total_steps": 120000,
      "optimizer": "Adam",
      "network_architecture": {
        "attn_model_dims": "128-130-130-4",
        "action_dim": 4
      }
    },
    "env_config": {
      "env_name": "reacher2d",
      "env_type": "reacher2d",
      "goal_threshold": 20.0,
      "action_dim": 4,
      "num_links": 4,
      "link_lengths": [
        73.13128938654582,
        40.657426611272584,
        77.72000323398338,
        64.93800211051294
      ],
      "config_path": "/home/xli149/Documents/repos/test_robo/examples/2d_reacher/configs/reacher_with_zigzag_obstacles.yaml",
      "render_mode": null,
      "reward_function": "\u8ddd\u79bb+\u8fdb\u5ea6+\u6210\u529f+\u78b0\u649e+\u65b9\u5411\u5956\u52b1",
      "physics_engine": "PyMunk",
      "obstacle_type": "zigzag",
      "action_space": "continuous",
      "observation_space": "joint_angles_and_positions"
    },
    "training_metrics": {
      "total_steps": 0,
      "total_episodes": 0,
      "training_time_hours": 0,
      "avg_steps_per_second": 0
    }
  },
  "steps": [
    1000
  ],
  "times": [
    8.21274209022522
  ],
  "episodes": [
    10
  ],
  "metrics": {
    "lr": [
      0.0001740408805969945
    ],
    "critic_loss": [
      7.005909114054814
    ],
    "actor_loss": [
      -1.0060035574190511
    ],
    "alpha_loss": [
      -0.0
    ],
    "alpha": [
      0.9996519788128293
    ],
    "q1_mean": [
      -0.11978114594472539
    ],
    "q2_mean": [
      0.8056458528023359
    ],
    "q1_std": [
      4.555926178358928
    ],
    "q2_std": [
      4.476252586461074
    ],
    "q1_max": [
      13.349360191016512
    ],
    "q1_min": [
      -8.427651781558993
    ],
    "q2_max": [
      10.43222225028166
    ],
    "q2_min": [
      -7.998262174815838
    ],
    "q_diff_mean": [
      4.112438572834586
    ],
    "target_q_mean": [
      -2.1728781298106474
    ],
    "buffer_size": [
      1002.0
    ],
    "entropy_term": [
      -1.0996608306965905
    ],
    "q_term": [
      -0.09365727327753945
    ],
    "log_probs_mean": [
      -2.6444210129883725
    ],
    "step": [
      1000.0
    ],
    "learning_rate": [
      0.000348081761193989
    ],
    "warmup_progress": [
      1.0
    ]
  }
}