{
  "config": {
    "experiment_info": {
      "experiment_name": "reacher2d_sac_20250911_113753",
      "start_time": "2025-09-11T11:37:53.104001",
      "log_dir": "./map_elites_experiments/individual_72424/training_logs/reacher2d_sac_20250911_113753",
      "python_version": "3.10.12",
      "platform": "posix"
    },
    "hyperparams": {
      "learning_rate": 1.509413334139e-05,
      "alpha": 0.10633001979433199,
      "warmup_steps": 1000,
      "target_entropy_factor": 0.8,
      "batch_size": 64,
      "buffer_capacity": 10000,
      "gamma": 0.99,
      "seed": 42,
      "num_processes": 2,
      "update_frequency": 1,
      "total_steps": 120000,
      "optimizer": "Adam",
      "network_architecture": {
        "attn_model_dims": "128-130-130-4",
        "action_dim": 3
      }
    },
    "env_config": {
      "env_name": "reacher2d",
      "env_type": "reacher2d",
      "goal_threshold": 20.0,
      "action_dim": 3,
      "num_links": 3,
      "link_lengths": [
        54.243592022870715,
        92.9680050104034,
        85.94445409190108
      ],
      "config_path": "/home/xli149/Documents/repos/test_robo/examples/2d_reacher/configs/reacher_with_zigzag_obstacles.yaml",
      "render_mode": null,
      "reward_function": "\u8ddd\u79bb+\u8fdb\u5ea6+\u6210\u529f+\u78b0\u649e+\u65b9\u5411\u5956\u52b1",
      "physics_engine": "PyMunk",
      "obstacle_type": "zigzag",
      "action_space": "continuous",
      "observation_space": "joint_angles_and_positions"
    },
    "training_metrics": {
      "total_steps": 0,
      "total_episodes": 0,
      "training_time_hours": 0,
      "avg_steps_per_second": 0
    }
  },
  "steps": [
    1000
  ],
  "times": [
    8.193162202835083
  ],
  "episodes": [
    10
  ],
  "metrics": {
    "lr": [
      1e-05
    ],
    "critic_loss": [
      3.544952242274795
    ],
    "actor_loss": [
      -0.12436302261063199
    ],
    "alpha_loss": [
      -0.0
    ],
    "alpha": [
      0.9999849059806091
    ],
    "q1_mean": [
      -2.474579434773057
    ],
    "q2_mean": [
      -5.192998206621918
    ],
    "q1_std": [
      1.819984892005664
    ],
    "q2_std": [
      3.0114817533995284
    ],
    "q1_max": [
      1.7123627252184992
    ],
    "q1_min": [
      -6.366014342599289
    ],
    "q2_max": [
      -0.1798665221869765
    ],
    "q2_min": [
      -11.862727145779838
    ],
    "q_diff_mean": [
      3.8907543085453624
    ],
    "target_q_mean": [
      -3.04448200962578
    ],
    "buffer_size": [
      1002.0
    ],
    "entropy_term": [
      -0.20787746340067814
    ],
    "q_term": [
      -0.08351444079004616
    ],
    "log_probs_mean": [
      -1.9550213928555973
    ],
    "step": [
      1000.0
    ],
    "learning_rate": [
      1.509413334139e-05
    ],
    "warmup_progress": [
      1.0
    ]
  }
}