{
  "timestamp": "20250516_163359",
  "total_designs": 50,
  "best_design_id": 8,
  "designs": [
    {
      "design_id": 1,
      "gene": [
        0.1535801447726537,
        0.06867262501442417,
        0.2526196154434237,
        0.39686175027721515,
        0.15023873150382194,
        0.13602640841493352,
        0.0,
        0.10193820873941184,
        0.7229469738467528,
        0.6520253527203598,
        0.18381766489664217,
        0.9752142398938711,
        0.9002681663366057,
        0.34064376582407907,
        0.38841177541592264,
        0.16492149300959547,
        0.7436023389373793,
        0.5971433949981991,
        0.9000437380603211,
        0.4264602947470223,
        0.966720466385834,
        0.4555454004056787,
        0.9105599443186488,
        0.10660215194773442,
        0.17745166906513643,
        0.2938902902029308,
        0.7687205126221235,
        0.8536241506471886,
        0.5940998216411739,
        0.9802173817746369,
        0.9924085540048294,
        0.9411156225626779,
        0.2988623322467574,
        0.5833464493681753,
        0.9173964358302262,
        0.970898104142561,
        0.17976108777154723,
        0.3850034286741584,
        0.3304791081378071,
        0.2006133077479445,
        0.1972091248714496,
        0.21004588242999522,
        0.4493520456706761,
        0.9576992905044355,
        0.013991905227816459,
        0.1289402030762662,
        0.8421348210210517,
        0.5859057555919333,
        0.6739961892467444,
        0.18255741806951353,
        0.6881477731994606,
        0.3174819120258562,
        0.7214191906415258,
        0.059174090321606254,
        0.8885978642839001,
        0.4604136084748932,
        0.2795423828540703,
        0.703111356076245,
        0.8643598272648724,
        0.686226028975173,
        0.6601053695061319,
        0.8452406862811465,
        0.03459018315266912,
        0.6217331686615719,
        0.43737181667075353,
        0.45866384215514444,
        0.9393026211805736,
        0.8607052773880388,
        0.105965126199146,
        0.8607495506449239,
        0.7443922107601659,
        0.9547167532279865,
        0.515143400311289,
        0.7995914167264011,
        0.13142804077999115,
        0.04951406568931842,
        0.7882694842785969,
        0.8057633780873523,
        0.15787578800145863,
        0.4460421557709412,
        0.24461419540448626,
        0.44861548322088507,
        0.5489412584650973,
        0.1199063586424094,
        0.3759062203255207,
        0.663049443180666,
        0.5874252002378305,
        0.014839512325970028,
        0.27981401823626323,
        0.6290971240445364,
        0.772699488339371,
        0.585570313341886,
        0.35517919296609857,
        0.5439450593850365,
        0.4695519070923423,
        0.05025861688782929,
        0.6355391187583885,
        0.8279779580081328,
        0.0,
        0.0
      ],
      "structure": {
        "num_links": 4,
        "num_wheels": 