{
  "config": {
    "experiment_info": {
      "experiment_name": "reacher2d_sac_20250911_110805",
      "start_time": "2025-09-11T11:08:05.489030",
      "log_dir": "./map_elites_experiments/individual_85459/training_logs/reacher2d_sac_20250911_110805",
      "python_version": "3.10.12",
      "platform": "posix"
    },
    "hyperparams": {
      "learning_rate": 0.00032548490022152386,
      "alpha": 0.12615562802643066,
      "warmup_steps": 1000,
      "target_entropy_factor": 0.8,
      "batch_size": 64,
      "buffer_capacity": 10000,
      "gamma": 0.99,
      "seed": 42,
      "num_processes": 2,
      "update_frequency": 1,
      "total_steps": 120000,
      "optimizer": "Adam",
      "network_architecture": {
        "attn_model_dims": "128-130-130-4",
        "action_dim": 5
      }
    },
    "env_config": {
      "env_name": "reacher2d",
      "env_type": "reacher2d",
      "goal_threshold": 20.0,
      "action_dim": 5,
      "num_links": 5,
      "link_lengths": [
        82.39559220945532,
        55.29520263731112,
        76.67098507954339,
        79.8091218892524,
        69.36465939030097
      ],
      "config_path": "/home/xli149/Documents/repos/test_robo/examples/2d_reacher/configs/reacher_with_zigzag_obstacles.yaml",
      "render_mode": null,
      "reward_function": "\u8ddd\u79bb+\u8fdb\u5ea6+\u6210\u529f+\u78b0\u649e+\u65b9\u5411\u5956\u52b1",
      "physics_engine": "PyMunk",
      "obstacle_type": "zigzag",
      "action_space": "continuous",
      "observation_space": "joint_angles_and_positions"
    },
    "training_metrics": {
      "total_steps": 0,
      "total_episodes": 0,
      "training_time_hours": 0,
      "avg_steps_per_second": 0
    }
  },
  "steps": [
    1000
  ],
  "times": [
    1.3445453643798828
  ],
  "episodes": [
    10
  ],
  "metrics": {
    "lr": [
      0.00016274245011076193
    ],
    "critic_loss": [
      8.426928508337289
    ],
    "actor_loss": [
      -0.31687099909743605
    ],
    "alpha_loss": [
      -0.0
    ],
    "alpha": [
      0.99967456806469
    ],
    "q1_mean": [
      1.5220980860316302
    ],
    "q2_mean": [
      -1.6682161193497087
    ],
    "q1_std": [
      3.3625594008362447
    ],
    "q2_std": [
      4.705765134504559
    ],
    "q1_max": [
      9.316110627023988
    ],
    "q1_min": [
      -5.927479228656655
    ],
    "q2_max": [
      11.193016247403332
    ],
    "q2_min": [
      -12.714137334064452
    ],
    "q_diff_mean": [
      6.410387398133156
    ],
    "target_q_mean": [
      -3.512336387028618
    ],
    "buffer_size": [
      1002.0
    ],
    "entropy_term": [
      -0.4117898037673787
    ],
    "q_term": [
      -0.0949188046699427
    ],
    "log_probs_mean": [
      -3.2641413641974446
    ],
    "step": [
      1000.0
    ],
    "learning_rate": [
      0.00032548490022152386
    ],
    "warmup_progress": [
      1.0
    ]
  }
}