{
  "experiment_info": {
    "experiment_name": "multiprocess_link_demo",
    "data_type": "real_only",
    "total_networks": 3,
    "total_records": 2066,
    "generation_time": "2025-09-19T20:48:35.202069",
    "note": "Only real loss data from training output, no simulated data"
  },
  "network_stats": {
    "ppo": {
      "total_records": 912,
      "metrics": {
        "generation": {
          "count": 912,
          "min": 0,
          "max": 0,
          "avg": 0.0,
          "first": 0,
          "last": 0,
          "trend": "increasing",
          "std": 0.0
        },
        "actor_loss": {
          "count": 912,
          "min": 0.30414,
          "max": 0.876342,
          "avg": 0.35998103837719264,
          "first": 0.36485,
          "last": 0.347819,
          "trend": "decreasing",
          "std": 0.037076677131265626
        },
        "critic_loss": {
          "count": 910,
          "min": 18.960055,
          "max": 46.599113,
          "avg": 24.883267804395594,
          "first": 29.794231,
          "last": 22.047649,
          "trend": "decreasing",
          "std": 3.426104248020366
        },
        "ppo_total_loss": {
          "count": 906,
          "min": 19.31059,
          "max": 46.939611,
          "avg": 25.22352510706402,
          "first": 30.159081,
          "last": 22.395468,
          "trend": "decreasing",
          "std": 3.398889825528111
        },
        "entropy": {
          "count": 903,
          "min": -0.405227,
          "max": -0.239451,
          "avg": -0.3036625149501659,
          "first": -0.243179,
          "last": -0.356105,
          "trend": "decreasing",
          "std": 0.05262408324119523
        },
        "learning_rate": {
          "count": 903,
          "min": 1.24e-06,
          "max": 2.33e-05,
          "avg": 1.0949025470653337e-05,
          "first": 1.24e-06,
          "last": 1.08e-05,
          "trend": "increasing",
          "std": 7.965150349570773e-06
        },
        "update_count": {
          "count": 902,
          "min": 1.0,
          "max": 231.0,
          "avg": 114.91463414634147,
          "first": 1.0,
          "last": 228.0,
          "trend": "increasing",
          "std": 66.06476049781257
        },
        "buffer_size": {
          "count": 893,
          "min": 0.0,
          "max": 0.0,
          "avg": 0.0,
          "first": 0.0,
          "last": 0.0,
          "trend": "increasing",
          "std": 0.0
        }
      }
    },
    "performance": {
      "total_records": 246,
      "metrics": {
        "generation": {
          "count": 246,
          "min": 0,
          "max": 0,
          "avg": 0.0,
          "first": 0,
          "last": 0,
          "trend": "increasing",
          "std": 0.0
        },
        "report_step": {
          "count": 124,
          "min": 500,
          "max": 15500,
          "avg": 8000.0,
          "first": 500,
          "last": 15500,
          "trend": "increasing",
          "std": 4472.13595499958
        },
        "best_distance": {
          "count": 124,
          "min": 39.4,
          "max": 447.2,
          "avg": 110.55483870967738,
          "first": 341.5,
          "last": 62.0,
          "trend": "decreasing",
          "std": 96.41010049049275
        },
        "episode_best_distance": {
          "count": 124,
          "min": 39.4,
          "max": 447.2,
          "avg": 109.37580645161285,
          "first": 292.9,
          "last": 62.0,
          "trend": "decreasing",
          "std": 94.94762594576403
        },
        "success_rate": {
          "count": 124,
          "min": 0.0,
          "max": 0.0,
          "avg": 0.0,
          "first": 0.0,
          "last": 0.0,
          "trend": "increasing",
          "std": 0.0
        },
        "consecutive_success": {
          "count": 122,
          "min": 0.0,
          "max": 0.0,
          "avg": 0.0,
          "first": 0.0,
          "last": 0.0,
          "trend": "increasing",
          "std": 0.0
        },
        "completed_episodes": {
          "count": 122,
          "min": 0.0,
          "max": 0.0,
          "avg": 0.0,
          "first": 0.0,
          "last": 0.0,
          "trend": "increasing",
          "std": 0.0
        }
      }
    },
    "attention": {
      "total_records": 908,
      "metrics": {
        "generation": {
          "count": 908,
          "min": 0,
          "max": 0,
          "avg": 0.0,
          "first": 0,
          "last": 0,
          "trend": "increasing",
          "std": 0.0
        },
        "attention_actor_grad_norm": {
          "count": 905,
          "min": 0.0,
          "max": 0.05,
          "avg": 0.001936407734806629,
          "first": 0.0,
          "last": 0.0,
          "trend": "increasing",
          "std": 0.007995337679305882
        },
        "attention_total_loss": {
          "count": 902,
          "min": 0.0,
          "max": 0.05,
          "avg": 0.001887998891352549,
          "first": 0.0,
          "last": 0.0,
          "trend": "increasing",
          "std": 0.007850402885349517
        },
        "attention_actor_param_mean": {
          "count": 895,
          "min": -0.000159,
          "max": -0.0001,
          "avg": -0.000132116201117318,
          "first": -0.000111,
          "last": -0.000153,
          "trend": "decreasing",
          "std": 1.8320300889304047e-05
        },
        "attention_actor_param_std": {
          "count": 895,
          "min": 0.054541,
          "max": 0.054551,
          "avg": 0.054545037988826754,
          "first": 0.054549,
          "last": 0.054542,
          "trend": "decreasing",
          "std": 3.136504901046505e-06
        },
        "attention_critic_param_mean": {
          "count": 891,
          "min": -0.000154,
          "max": -0.000111,
          "avg": -0.00013075196408529835,
          "first": -0.000111,
          "last": -0.000154,
          "trend": "decreasing",
          "std": 1.5311658815864357e-05
        },
        "attention_critic_param_std": {
          "count": 891,
          "min": 0.054541,
          "max": 0.054549,
          "avg": 0.054543501683501826,
          "first": 0.054549,
          "last": 0.054541,
          "trend": "decreasing",
          "std": 3.2029636028948013e-06
        },
        "robot_num_joints": {
          "count": 885,
          "min": 3.0,
          "max": 5.0,
          "avg": 3.998870056497175,
          "first": 3.0,
          "last": 5.0,
          "trend": "increasing",
          "std": 0.7075052614497561
        },
        "most_important_joint": {
          "count": 882,
          "min": 0.0,
          "max": 2.0,
          "avg": 0.8095238095238095,
          "first": 0.0,
          "last": 1.0,
          "trend": "increasing",
          "std": 0.7953949089757194
        },
        "max_joint_importance": {
          "count": 882,
          "min": 0.972,
          "max": 3.01,
          "avg": 1.6648514739228972,
          "first": 1.042,
          "last": 1.685,
          "trend": "increasing",
          "std": 0.5263782939345918
        },
        "importance_concentration": {
          "count": 880,
          "min": 1.092,
          "max": 1.779,
          "avg": 1.2565409090909074,
          "first": 1.175,
          "last": 1.202,
          "trend": "increasing",
          "std": 0.15131697813497594
        },
        "importance_entropy": {
          "count": 879,
          "min": 1.076,
          "max": 1.599,
          "avg": 1.3500648464163765,
          "first": 1.076,
          "last": 1.595,
          "trend": "increasing",
          "std": 0.17840543013436214
        },
        "J0_usage_rank": {
          "count": 876,
          "min": 0.098,
          "max": 6.277,
          "avg": 2.353227168949773,
          "first": 1.484,
          "last": 2.353,
          "trend": "increasing",
          "std": 1.7371688054614123
        },
        "J1_usage_rank": {
          "count": 876,
          "min": 0.431,