{
  "experiment_info": {
    "experiment_name": "your_experiment_name",
    "total_networks": 6,
    "total_records": 33,
    "generation_time": "2025-09-19T00:51:01.156010"
  },
  "network_stats": {
    "ppo": {
      "total_records": 18,
      "metrics": {
        "actor_loss": {
          "count": 18,
          "min": 0.306709,
          "max": 0.393467,
          "avg": 0.35750405555555553,
          "first": 0.348882,
          "last": 0.306709,
          "trend": "decreasing",
          "std": 0.020515263248702908
        },
        "critic_loss": {
          "count": 18,
          "min": 33.889955,
          "max": 50.647849,
          "avg": 40.17514183333333,
          "first": 39.099996,
          "last": 42.435612,
          "trend": "increasing",
          "std": 4.381378386996598
        },
        "ppo_total_loss": {
          "count": 18,
          "min": 34.266587,
          "max": 50.99599,
          "avg": 40.53264594444445,
          "first": 39.448879,
          "last": 42.742321,
          "trend": "increasing",
          "std": 4.376856248123334
        },
        "entropy": {
          "count": 18,
          "min": -0.405288,
          "max": -0.404389,
          "avg": -0.40483850000000005,
          "first": -0.405288,
          "last": -0.404389,
          "trend": "increasing",
          "std": 0.0002741998966690765
        },
        "learning_rate": {
          "count": 18,
          "min": 2.64e-06,
          "max": 2.64e-06,
          "avg": 2.640000000000001e-06,
          "first": 2.64e-06,
          "last": 2.64e-06,
          "trend": "increasing",
          "std": 8.470329472543003e-22
        },
        "update_count": {
          "count": 17,
          "min": 1.0,
          "max": 17.0,
          "avg": 9.0,
          "first": 1.0,
          "last": 17.0,
          "trend": "increasing",
          "std": 4.898979485566356
        },
        "buffer_size": {
          "count": 17,
          "min": 0.0,
          "max": 21.0,
          "avg": 1.2352941176470589,
          "first": 0.0,
          "last": 0.0,
          "trend": "increasing",
          "std": 4.9411764705882355
        }
      }
    },
    "attention": {
      "total_records": 3,
      "metrics": {
        "attention_loss": {
          "count": 3,
          "min": 1.772100846701802,
          "max": 1.9457353655506922,
          "avg": 1.8707139447749626,
          "first": 1.8943056220723935,
          "last": 1.772100846701802,
          "trend": "decreasing",
          "std": 0.07282244142319035
        },
        "attention_accuracy": {
          "count": 3,
          "min": 0.3088909528516539,
          "max": 0.38108291737301014,
          "avg": 0.3351875176706936,
          "first": 0.3088909528516539,
          "last": 0.38108291737301014,
          "trend": "increasing",
          "std": 0.03256793598975995
        },
        "attention_entropy": {
          "count": 3,
          "min": 0.8736001855131765,
          "max": 0.9760434227890267,
          "avg": 0.9287063633766367,
          "first": 0.9760434227890267,
          "last": 0.8736001855131765,
          "trend": "decreasing",
          "std": 0.04218154112104093
        }
      }
    },
    "gnn": {
      "total_records": 3,
      "metrics": {
        "gnn_loss": {
          "count": 3,
          "min": 2.203210822399147,
          "max": 2.4754452551888844,
          "avg": 2.3478354507481227,
          "first": 2.364850274656336,
          "last": 2.203210822399147,
          "trend": "decreasing",
          "std": 0.11178856463150472
        },
        "node_accuracy": {
          "count": 3,
          "min": 0.28818043221700274,
          "max": 0.3547827185684426,
          "avg": 0.3124032351032831,
          "first": 0.28818043221700274,
          "last": 0.3547827185684426,
          "trend": "increasing",
          "std": 0.030068975418110305
        },
        "edge_accuracy": {
          "count": 3,
          "min": 0.21989021507335949,
          "max": 0.351713679369614,
          "avg": 0.26984587624711076,
          "first": 0.21989021507335949,
          "last": 0.351713679369614,
          "trend": "increasing",
          "std": 0.058356062453324385
        },
        "graph_reconstruction_loss": {
          "count": 3,
          "min": 1.377859985500015,
          "max": 1.5086423167597898,
          "avg": 1.4257297539907057,
          "first": 1.5086423167597898,
          "last": 1.377859985500015,
          "trend": "decreasing",
          "std": 0.05886143398164715
        }
      }
    },
    "sac": {
      "total_records": 3,
      "metrics": {
        "sac_critic_loss": {
          "count": 3,
          "min": 1.8126994294018555,
          "max": 1.8291041592039692,
          "avg": 1.8221828461842577,
          "first": 1.8291041592039692,
          "last": 1.8247449499469481,
          "trend": "decreasing",
          "std": 0.006937918599416026
        },
        "sac_actor_loss": {
          "count": 3,
          "min": 1.441318891317223,
          "max": 1.5825625991191787,
          "avg": 1.4946756916834385,
          "first": 1.5825625991191787,
          "last": 1.441318891317223,
          "trend": "decreasing",
          "std": 0.06261891337865742
        },
        "alpha_loss": {
          "count": 3,
          "min": 0.5419815481228419,
          "max": 0.5917486535593649,
          "avg": 0.5726819109508196,
          "first": 0.5917486535593649,
          "last": 0.5419815481228419,
          "trend": "decreasing",
          "std": 0.021919504791242977
        }
      }
    },
    "total": {
      "total_records": 3,
      "metrics": {
        "total_loss": {
          "count": 3,
          "min": 7.670822655051877,
          "max": 49.10888251036513,
          "avg": 21.491243600057448,
          "first": 7.670822655051877,
          "last": 49.10888251036513,
          "trend": "increasing",
          "std": 19.52862205122987
        },
        "attention_component": {
          "count": 3,
          "min": 1.772100846701802,
          "max": 1.9457353655506922,
          "avg": 1.8707139447749626,
          "first": 1.8943056220723935,
          "last": 1.772100846701802,
          "trend": "decreasing",
          "std": 0.07282244142319035
        },
        "gnn_component": {
          "count": 3,
          "min": 2.203210822399147,
          "max": 2.4754452551888844,
          "avg": 2.3478354507481227,
          "first": 2.364850274656336,
          "last": 2.203210822399147,
          "trend": "decreasing",
          "std": 0.11178856463150472
        },
        "sac_component": {
          "count": 3,
          "min": 3.266063841264171,
          "max": 3.4116667583231477,
          "avg": 3.3168585378676965,
          "first": 3.4116667583231477,
          "last": 3.266063841264171,
          "trend": "decreasing",
          "std": 0.06709667192650168
        },
        "ppo_component": {
          "count": 1,
          "min": 41.867507,
          "max": 41.867507,
          "avg": 41.867507,
          "first": 41.867507,
          "last": 41.867507,
          "trend": "increasing",
          "std": 0
        }
      }
    },
    "performance": {
      "total_records": 3,
      "metrics": {
        "report_step": {
          "count": 3,
          "min": 500,
          "max": 1500,
          "avg": 1000.0,
          "first": 500,
          "last": 1500,
          "trend": "increasing",
          "std": 408.248290463863
        },
        "best_distance": {
          "count": 3,
          "min": 303.2,
          "max": 393.0,
          "avg": 342.06666666666666,
          "first": 393.0,
          "last": 303.2,
          "trend": "decreasing",
          "std": 37.64052189979424
        },
        "episode_best_distance": {
          "count": 3,
          "min": 292.1,
          "max": 393.0,
          "avg": 338.3666666666667,
          "first": 393.0,
          "last": 292.1,
          "trend": "decreasing",