{
  "experiment_info": {
    "experiment_name": "render_genetic_test",
    "total_networks": 3,
    "total_records": 3,
    "generation_time": "2025-09-19T00:52:13.933761"
  },
  "network_stats": {
    "attention": {
      "total_records": 1,
      "metrics": {
        "attention_loss": {
          "count": 1,
          "min": 1.9809362707885991,
          "max": 1.9809362707885991,
          "avg": 1.9809362707885991,
          "first": 1.9809362707885991,
          "last": 1.9809362707885991,
          "trend": "increasing",
          "std": 0
        },
        "attention_accuracy": {
          "count": 1,
          "min": 0.3152677012678521,
          "max": 0.3152677012678521,
          "avg": 0.3152677012678521,
          "first": 0.3152677012678521,
          "last": 0.3152677012678521,
          "trend": "increasing",
          "std": 0
        },
        "attention_entropy": {
          "count": 1,
          "min": 0.9951169924355455,
          "max": 0.9951169924355455,
          "avg": 0.9951169924355455,
          "first": 0.9951169924355455,
          "last": 0.9951169924355455,
          "trend": "increasing",
          "std": 0
        }
      }
    },
    "gnn": {
      "total_records": 1,
      "metrics": {
        "gnn_loss": {
          "count": 1,
          "min": 2.502089590385084,
          "max": 2.502089590385084,
          "avg": 2.502089590385084,
          "first": 2.502089590385084,
          "last": 2.502089590385084,
          "trend": "increasing",
          "std": 0
        },
        "node_accuracy": {
          "count": 1,
          "min": 0.2770236076524591,
          "max": 0.2770236076524591,
          "avg": 0.2770236076524591,
          "first": 0.2770236076524591,
          "last": 0.2770236076524591,
          "trend": "increasing",
          "std": 0
        },
        "edge_accuracy": {
          "count": 1,
          "min": 0.22588390907486902,
          "max": 0.22588390907486902,
          "avg": 0.22588390907486902,
          "first": 0.22588390907486902,
          "last": 0.22588390907486902,
          "trend": "increasing",
          "std": 0
        },
        "graph_reconstruction_loss": {
          "count": 1,
          "min": 1.5145328153133508,
          "max": 1.5145328153133508,
          "avg": 1.5145328153133508,
          "first": 1.5145328153133508,
          "last": 1.5145328153133508,
          "trend": "increasing",
          "std": 0
        }
      }
    },
    "sac": {
      "total_records": 1,
      "metrics": {
        "sac_critic_loss": {
          "count": 1,
          "min": 2.0324978166082057,
          "max": 2.0324978166082057,
          "avg": 2.0324978166082057,
          "first": 2.0324978166082057,
          "last": 2.0324978166082057,
          "trend": "increasing",
          "std": 0
        },
        "sac_actor_loss": {
          "count": 1,
          "min": 1.5356248051388894,
          "max": 1.5356248051388894,
          "avg": 1.5356248051388894,
          "first": 1.5356248051388894,
          "last": 1.5356248051388894,
          "trend": "increasing",
          "std": 0
        