{
  "config": {
    "experiment_info": {
      "experiment_name": "reacher2d_sac_20250911_112940",
      "start_time": "2025-09-11T11:29:40.597213",
      "log_dir": "./map_elites_experiments/individual_79865/training_logs/reacher2d_sac_20250911_112940",
      "python_version": "3.10.12",
      "platform": "posix"
    },
    "hyperparams": {
      "learning_rate": 8.92041597473903e-06,
      "alpha": 0.2347317449128166,
      "warmup_steps": 1000,
      "target_entropy_factor": 0.8,
      "batch_size": 64,
      "buffer_capacity": 10000,
      "gamma": 0.99,
      "seed": 42,
      "num_processes": 2,
      "update_frequency": 1,
      "total_steps": 120000,
      "optimizer": "Adam",
      "network_architecture": {
        "attn_model_dims": "128-130-130-4",
        "action_dim": 6
      }
    },
    "env_config": {
      "env_name": "reacher2d",
      "env_type": "reacher2d",
      "goal_threshold": 20.0,
      "action_dim": 6,
      "num_links": 6,
      "link_lengths": [
        83.44243951419065,
        76.31089565403192,
        88.51525426423856,
        51.896571436229664,
        58.329197166661444,
        83.03310643652887
      ],
      "config_path": "/home/xli149/Documents/repos/test_robo/examples/2d_reacher/configs/reacher_with_zigzag_obstacles.yaml",
      "render_mode": null,
      "reward_function": "\u8ddd\u79bb+\u8fdb\u5ea6+\u6210\u529f+\u78b0\u649e+\u65b9\u5411\u5956\u52b1",
      "physics_engine": "PyMunk",
      "obstacle_type": "zigzag",
      "action_space": "continuous",
      "observation_space": "joint_angles_and_positions"
    },
    "training_metrics": {
      "total_steps": 0,
      "total_episodes": 0,
      "training_time_hours": 0,
      "avg_steps_per_second": 0
    }
  },
  "steps": [
    1000
  ],
  "times": [
    8.287968873977661
  ],
  "episodes": [
    10
  ],
  "metrics": {
    "lr": [
      1e-05
    ],
    "critic_loss": [
      6.827276073614646
    ],
    "actor_loss": [
      -0.8312547989906613
    ],
    "alpha_loss": [
      -0.0
    ],
    "alpha": [
      0.9999910796238224
    ],
    "q1_mean": [
      0.45002899152305526
    ],
    "q2_mean": [
      -2.4730522216937922
    ],
    "q1_std": [
      3.149956599648223
    ],
    "q2_std": [
      3.82794930957073
    ],
    "q1_max": [
      7.402144433838606
    ],
    "q1_min": [
      -7.340356128946452
    ],
    "q2_max": [
      8.378594604430921
    ],
    "q2_min": [
      -10.520692103570825
    ],
    "q_diff_mean": [
      4.119834553256076
    ],
    "target_q_mean": [
      -3.9583917981922685
    ],
    "buffer_size": [
      1002.0
    ],
    "entropy_term": [
      -0.8972201631037865
    ],
    "q_term": [
      -0.0659653641131252
    ],
    "log_probs_mean": [
      -3.822321362783843
    ],
    "step": [
      1000.0
    ],
    "learning_rate": [
      8.92041597473903e-06
    ],
    "warmup_progress": [
      1.0
    ]
  }
}