{
  "config": {
    "experiment_info": {
      "experiment_name": "reacher2d_sac_20250911_113420",
      "start_time": "2025-09-11T11:34:20.106173",
      "log_dir": "./map_elites_experiments/individual_59529/training_logs/reacher2d_sac_20250911_113420",
      "python_version": "3.10.12",
      "platform": "posix"
    },
    "hyperparams": {
      "learning_rate": 1.0607323855835141e-06,
      "alpha": 0.8072417552786644,
      "warmup_steps": 1000,
      "target_entropy_factor": 0.8,
      "batch_size": 64,
      "buffer_capacity": 10000,
      "gamma": 0.99,
      "seed": 42,
      "num_processes": 2,
      "update_frequency": 1,
      "total_steps": 120000,
      "optimizer": "Adam",
      "network_architecture": {
        "attn_model_dims": "128-130-130-4",
        "action_dim": 4
      }
    },
    "env_config": {
      "env_name": "reacher2d",
      "env_type": "reacher2d",
      "goal_threshold": 20.0,
      "action_dim": 4,
      "num_links": 4,
      "link_lengths": [
        46.9032109292109,
        44.29811618876334,
        73.63765775418548,
        56.84137351179425
      ],
      "config_path": "/home/xli149/Documents/repos/test_robo/examples/2d_reacher/configs/reacher_with_zigzag_obstacles.yaml",
      "render_mode": null,
      "reward_function": "\u8ddd\u79bb+\u8fdb\u5ea6+\u6210\u529f+\u78b0\u649e+\u65b9\u5411\u5956\u52b1",
      "physics_engine": "PyMunk",
      "obstacle_type": "zigzag",
      "action_space": "continuous",
      "observation_space": "joint_angles_and_positions"
    },
    "training_metrics": {
      "total_steps": 0,
      "total_episodes": 0,
      "training_time_hours": 0,
      "avg_steps_per_second": 0
    }
  },
  "steps": [
    1000
  ],
  "times": [
    8.241004467010498
  ],
  "episodes": [
    10
  ],
  "metrics": {
    "lr": [
      1e-05
    ],
    "critic_loss": [
      6.5877662079025505
    ],
    "actor_loss": [
      -2.0667374110076384
    ],
    "alpha_loss": [
      -0.0
    ],
    "alpha": [
      0.9999989392681788
    ],
    "q1_mean": [
      -0.744922566243796
    ],
    "q2_mean": [
      1.3413116789372428
    ],
    "q1_std": [
      4.954002193895863
    ],
    "q2_std": [
      4.23973155663555
    ],
    "q1_max": [
      11.553203422729263
    ],
    "q1_min": [
      -11.182734570256017
    ],
    "q2_max": [
      10.654611380540999
    ],
    "q2_min": [
      -5.183088903403695
    ],
    "q_diff_mean": [
      4.875470256660998
    ],
    "target_q_mean": [
      -0.9026216987778347
    ],
    "buffer_size": [
      1002.0
    ],
    "entropy_term": [
      -2.1403635319302516
    ],
    "q_term": [
      -0.07362612092261284
    ],
    "log_probs_mean": [
      -2.6514529481832687
    ],
    "step": [
      1000.0
    ],
    "learning_rate": [
      1.0607323855835141e-06
    ],
    "warmup_progress": [
      1.0
    ]
  }
}