{
  "experiment_info": {
    "experiment_name": "demo_30gen_10pop",
    "total_networks": 6,
    "total_records": 75,
    "generation_time": "2025-09-19T00:49:12.765980"
  },
  "network_stats": {
    "ppo": {
      "total_records": 30,
      "metrics": {
        "actor_loss": {
          "count": 30,
          "min": 0.346928,
          "max": 0.377996,
          "avg": 0.36082613333333335,
          "first": 0.34931,
          "last": 0.356954,
          "trend": "increasing",
          "std": 0.007566768168482206
        },
        "critic_loss": {
          "count": 30,
          "min": 23.435238,
          "max": 29.327879,
          "avg": 25.17204486666667,
          "first": 29.327879,
          "last": 24.150555,
          "trend": "decreasing",
          "std": 1.2671720721929005
        },
        "ppo_total_loss": {
          "count": 30,
          "min": 23.786521,
          "max": 29.677188,
          "avg": 25.532870966666664,
          "first": 29.677188,
          "last": 24.50751,
          "trend": "decreasing",
          "std": 1.2661631844850931
        },
        "entropy": {
          "count": 30,
          "min": -0.242602,
          "max": -0.199637,
          "avg": -0.2217684333333333,
          "first": -0.242602,
          "last": -0.199637,
          "trend": "increasing",
          "std": 0.012751379030477013
        },
        "learning_rate": {
          "count": 30,
          "min": 0.00013,
          "max": 0.00013,
          "avg": 0.00012999999999999993,
          "first": 0.00013,
          "last": 0.00013,
          "trend": "increasing",
          "std": 5.421010862427522e-20
        },
        "update_count": {
          "count": 30,
          "min": 1.0,
          "max": 30.0,
          "avg": 15.5,
          "first": 1.0,
          "last": 30.0,
          "trend": "increasing",
          "std": 8.65544144839919
        },
        "buffer_size": {
          "count": 30,
          "min": 0.0,
          "max": 117.0,
          "avg": 18.9,
          "first": 0.0,
          "last": 0.0,
          "trend": "increasing",
          "std": 36.167526871490665
        }
      }
    },
    "attention": {
      "total_records": 9,
      "metrics": {
        "attention_loss": {
          "count": 9,
          "min": 1.4683949222258228,
          "max": 1.9672227528487598,
          "avg": 1.7621822571620727,
          "first": 1.9672227528487598,
          "last": 1.4683949222258228,
          "trend": "decreasing",
          "std": 0.14617648654092175
        },
        "attention_accuracy": {
          "count": 9,
          "min": 0.2803571271487053,
          "max": 0.5263760204363163,
          "avg": 0.4302336818479429,
          "first": 0.2803571271487053,
          "last": 0.5263760204363163,
          "trend": "increasing",
          "std": 0.07815707122299247
        },
        "attention_entropy": {
          "count": 9,
          "min": 0.6470860435658288,
          "max": 0.9755858861490041,
          "avg": 0.7984692142571511,
          "first": 0.9755858861490041,
          "last": 0.6470860435658288,
          "trend": "decreasing",
          "std": 0.10948478303501503
        }
      }
    },
    "gnn": {
      "total_records": 9,
      "metrics": {
        "gnn_loss": {
          "count": 9,
          "min": 1.872683824822805,
          "max": 2.4869904135621446,
          "avg": 2.1171723659806476,
          "first": 2.4869904135621446,
          "last": 1.872683824822805,
          "trend": "decreasing",
          "std": 0.1806840297205893
        },
        "node_accuracy": {
          "count": 9,
          "min": 0.3132095097407735,
          "max": 0.5815214794040781,
          "avg": 0.4263950214997489,
          "first": 0.3132095097407735,
          "last": 0.5815214794040781,
          "trend": "increasing",
          "std": 0.08545389894638106
        },
        "edge_accuracy": {
          "count": 9,
          "min": 0.22651484034922303,
          "max": 0.5304679232620642,
          "avg": 0.3786200960147773,
          "first": 0.22651484034922303,
          "last": 0.5304679232620642,
          "trend": "increasing",
          "std": 0.10702389573337118
        },
        "graph_reconstruction_loss": {
          "count": 9,
          "min": 0.9425249174473044,
          "max": 1.3981479867196664,
          "avg": 1.1686315268301917,
          "first": 1.3981479867196664,
          "last": 0.9428779320348086,
          "trend": "decreasing",
          "std": 0.16129200020199763
        }
      }
    },
    "sac": {
      "total_records": 9,
      "metrics": {
        "sac_critic_loss": {
          "count": 9,
          "min": 1.2533836802875933,
          "max": 1.88537016516126,
          "avg": 1.5489605988706556,
          "first": 1.88537016516126,
          "last": 1.2533836802875933,
          "trend": "decreasing",
          "std": 0.21864609196889634
        },
        "sac_actor_loss": {
          "count": 9,
          "min": 0.9808809793939207,
          "max": 1.4845499315641644,
          "avg": 1.2500413767675647,
          "first": 1.4845499315641644,
          "last": 0.9808809793939207,
          "trend": "decreasing",
          "std": 0.18127151617198628
        },
        "alpha_loss": {
          "count": 9,
          "min": 0.4568026416554479,
          "max": 0.5770920168918809,
          "avg": 0.5191175296101549,
          "first": 0.5770920168918809,
          "last": 0.4568026416554479,
          "trend": "decreasing",
          "std": 0.04105637616565258
        }
      }
    },
    "total": {
      "total_records": 9,
      "metrics": {
        "total_loss": {
          "count": 9,
          "min": 7.452871110857273,
          "max": 34.69309822538984,
          "avg": 27.14660782100316,
          "first": 7.8241332631363285,
          "last": 32.27155740673014,
          "trend": "increasing",
          "std": 10.470311138301255
        },
        "attention_component": {
          "count": 9,
          "min": 1.4683949222258228,
          "max": 1.9672227528487598,
          "avg": 1.7621822571620727,
          "first": 1.9672227528487598,
          "last": 1.4683949222258228,
          "trend": "decreasing",
          "std": 0.14617648654092175
        },
        "gnn_component": {
          "count": 9,
          "min": 1.872683824822805,
          "max": 2.4869904135621446,
          "avg": 2.1171723659806476,
          "first": 2.4869904135621446,
          "last": 1.872683824822805,
          "trend": "decreasing",
          "std": 0.1806840297205893
        },
        "sac_component": {
          "count": 9,
          "min": 2.234264659681514,
          "max": 3.3699200967254246,
          "avg": 2.79900197563822,
          "first": 3.3699200967254246,
          "last": 2.234264659681514,
          "trend": "decreasing",
          "std": 0.39861056974456843
        },
        "ppo_component": {
          "count": 7,
          "min": 24.869501,
          "max": 27.412283,
          "avg": 26.316322999999993,
          "first": 27.412283,
          "last": 26.696214,
          "trend": "decreasing",
          "std": 0.7624537600707338
        }
      }
    },
    "performance": {
      "total_records": 9,
      "metrics": {
        "report_step": {
          "count": 9,
          "min": 500,
          "max": 4500,
          "avg": 2500.0,
          "first": 500,
          "last": 4500,
          "trend": "increasing",
          "std": 1290.9944487358057
        },
        "best_distance": {
          "count": 9,
          "min": 19.8,
          "max": 290.7,
          "avg": 154.66666666666666,
          "first": 290.7,
          "last": 19.8,
          "trend": "decreasing",
          "std": 108.1697020632138
        },
        "episode_best_distance": {
          "count": 9,
          "min": 67.6,
          "max": 297.6,
          "avg": 213.4111111111111,
          "first": 290.7,
          "last": 67.6,
          "trend": "decreasing",