{
  "config": {
    "experiment_info": {
      "experiment_name": "reacher2d_sac_20250911_110803",
      "start_time": "2025-09-11T11:08:03.153503",
      "log_dir": "./map_elites_experiments/individual_83094/training_logs/reacher2d_sac_20250911_110803",
      "python_version": "3.10.12",
      "platform": "posix"
    },
    "hyperparams": {
      "learning_rate": 1.434901850597395e-05,
      "alpha": 0.5855431066780803,
      "warmup_steps": 1000,
      "target_entropy_factor": 0.8,
      "batch_size": 64,
      "buffer_capacity": 10000,
      "gamma": 0.99,
      "seed": 42,
      "num_processes": 2,
      "update_frequency": 1,
      "total_steps": 120000,
      "optimizer": "Adam",
      "network_architecture": {
        "attn_model_dims": "128-130-130-4",
        "action_dim": 6
      }
    },
    "env_config": {
      "env_name": "reacher2d",
      "env_type": "reacher2d",
      "goal_threshold": 20.0,
      "action_dim": 6,
      "num_links": 6,
      "link_lengths": [
        85.70439015583905,
        47.37502054283672,
        85.55736687931261,
        83.54136118838495,
        52.218615723302456,
        95.48743681871895
      ],
      "config_path": "/home/xli149/Documents/repos/test_robo/examples/2d_reacher/configs/reacher_with_zigzag_obstacles.yaml",
      "render_mode": null,
      "reward_function": "\u8ddd\u79bb+\u8fdb\u5ea6+\u6210\u529f+\u78b0\u649e+\u65b9\u5411\u5956\u52b1",
      "physics_engine": "PyMunk",
      "obstacle_type": "zigzag",
      "action_space": "continuous",
      "observation_space": "joint_angles_and_positions"
    },
    "training_metrics": {
      "total_steps": 0,
      "total_episodes": 0,
      "training_time_hours": 0,
      "avg_steps_per_second": 0
    }
  },
  "steps": [
    1000
  ],
  "times": [
    1.376647710800171
  ],
  "episodes": [
    10
  ],
  "metrics": {
    "lr": [
      1e-05
    ],
    "critic_loss": [
      5.505521758548726
    ],
    "actor_loss": [
      -2.1560613774891357
    ],
    "alpha_loss": [
      -0.0
    ],
    "alpha": [
      0.9999856510844574
    ],
    "q1_mean": [
      -0.2247607481586676
    ],
    "q2_mean": [
      -2.995623272291073
    ],
    "q1_std": [
      4.069895255697785
    ],
    "q2_std": [
      3.225731764726518
    ],
    "q1_max": [
      9.224574811727104
    ],
    "q1_min": [
      -8.89880130137286
    ],
    "q2_max": [
      7.183843956646549
    ],
    "q2_min": [
      -9.980711476797845
    ],
    "q_diff_mean": [
      4.318326813875679
    ],
    "target_q_mean": [
      -2.7925858965769335
    ],
    "buffer_size": [
      1002.0
    ],
    "entropy_term": [
      -2.2243037720064485
    ],
    "q_term": [
      -0.06824239451731241
    ],
    "log_probs_mean": [
      -3.7987020027021265
    ],
    "step": [
      1000.0
    ],
    "learning_rate": [
      1.434901850597395e-05
    ],
    "warmup_progress": [
      1.0
    ]
  }
}