{
  "config": {
    "experiment_info": {
      "experiment_name": "reacher2d_sac_20250911_114037",
      "start_time": "2025-09-11T11:40:37.382447",
      "log_dir": "./map_elites_experiments/individual_36395/training_logs/reacher2d_sac_20250911_114037",
      "python_version": "3.10.12",
      "platform": "posix"
    },
    "hyperparams": {
      "learning_rate": 1.2186341270998623e-05,
      "alpha": 0.7061386609996287,
      "warmup_steps": 1000,
      "target_entropy_factor": 0.8,
      "batch_size": 64,
      "buffer_capacity": 10000,
      "gamma": 0.99,
      "seed": 42,
      "num_processes": 2,
      "update_frequency": 1,
      "total_steps": 120000,
      "optimizer": "Adam",
      "network_architecture": {
        "attn_model_dims": "128-130-130-4",
        "action_dim": 5
      }
    },
    "env_config": {
      "env_name": "reacher2d",
      "env_type": "reacher2d",
      "goal_threshold": 20.0,
      "action_dim": 5,
      "num_links": 5,
      "link_lengths": [
        46.88085000662812,
        76.62188795208633,
        40.38496735886635,
        66.53635462406073,
        41.21881979441872
      ],
      "config_path": "/home/xli149/Documents/repos/test_robo/examples/2d_reacher/configs/reacher_with_zigzag_obstacles.yaml",
      "render_mode": null,
      "reward_function": "\u8ddd\u79bb+\u8fdb\u5ea6+\u6210\u529f+\u78b0\u649e+\u65b9\u5411\u5956\u52b1",
      "physics_engine": "PyMunk",
      "obstacle_type": "zigzag",
      "action_space": "continuous",
      "observation_space": "joint_angles_and_positions"
    },
    "training_metrics": {
      "total_steps": 0,
      "total_episodes": 0,
      "training_time_hours": 0,
      "avg_steps_per_second": 0
    }
  },
  "steps": [
    1000
  ],
  "times": [
    8.269222974777222
  ],
  "episodes": [
    10
  ],
  "metrics": {
    "lr": [
      1e-05
    ],
    "critic_loss": [
      7.053512038322535
    ],
    "actor_loss": [
      -2.2251249356222784
    ],
    "alpha_loss": [
      -0.0
    ],
    "alpha": [
      0.9999878137329989
    ],
    "q1_mean": [
      1.7690233720231152
    ],
    "q2_mean": [
      -2.011733124804926
    ],
    "q1_std": [
      3.7690773480772366
    ],
    "q2_std": [
      5.131522061187026
    ],
    "q1_max": [
      11.460016493316537
    ],
    "q1_min": [
      -5.767483996758554
    ],
    "q2_max": [
      6.416132862951764
    ],
    "q2_min": [
      -14.144644758971369
    ],
    "q_diff_mean": [
      6.774999247227066
    ],
    "target_q_mean": [
      -1.0049594285894994
    ],
    "buffer_size": [
      1002.0
    ],
    "entropy_term": [
      -2.297341760253473
    ],
    "q_term": [
      -0.07221682463119429
    ],
    "log_probs_mean": [
      -3.253386179141211
    ],
    "step": [
      1000.0
    ],
    "learning_rate": [
      1.2186341270998623e-05
    ],
    "warmup_progress": [
      1.0
    ]
  }
}