{
  "config": {
    "experiment_info": {
      "experiment_name": "reacher2d_sac_20250911_114300",
      "start_time": "2025-09-11T11:43:00.072916",
      "log_dir": "./map_elites_experiments/individual_79860/training_logs/reacher2d_sac_20250911_114300",
      "python_version": "3.10.12",
      "platform": "posix"
    },
    "hyperparams": {
      "learning_rate": 7.673928440477745e-06,
      "alpha": 0.11923051412568011,
      "warmup_steps": 1000,
      "target_entropy_factor": 0.8,
      "batch_size": 64,
      "buffer_capacity": 10000,
      "gamma": 0.99,
      "seed": 42,
      "num_processes": 2,
      "update_frequency": 1,
      "total_steps": 120000,
      "optimizer": "Adam",
      "network_architecture": {
        "attn_model_dims": "128-130-130-4",
        "action_dim": 4
      }
    },
    "env_config": {
      "env_name": "reacher2d",
      "env_type": "reacher2d",
      "goal_threshold": 20.0,
      "action_dim": 4,
      "num_links": 4,
      "link_lengths": [
        45.03035608053322,
        89.08963835203986,
        89.85635557146063,
        80.02852533094571
      ],
      "config_path": "/home/xli149/Documents/repos/test_robo/examples/2d_reacher/configs/reacher_with_zigzag_obstacles.yaml",
      "render_mode": null,
      "reward_function": "\u8ddd\u79bb+\u8fdb\u5ea6+\u6210\u529f+\u78b0\u649e+\u65b9\u5411\u5956\u52b1",
      "physics_engine": "PyMunk",
      "obstacle_type": "zigzag",
      "action_space": "continuous",
      "observation_space": "joint_angles_and_positions"
    },
    "training_metrics": {
      "total_steps": 0,
      "total_episodes": 0,
      "training_time_hours": 0,
      "avg_steps_per_second": 0
    }
  },
  "steps": [
    1000
  ],
  "times": [
    8.284510374069214
  ],
  "episodes": [
    10
  ],
  "metrics": {
    "lr": [
      1e-05
    ],
    "critic_loss": [
      7.979287400676727
    ],
    "actor_loss": [
      -0.24022482431534806
    ],
    "alpha_loss": [
      -0.0
    ],
    "alpha": [
      0.9999923261010172
    ],
    "q1_mean": [
      0.001464333200965895
    ],
    "q2_mean": [
      1.2617660965709034
    ],
    "q1_std": [
      3.917889196183924
    ],
    "q2_std": [
      4.081167555511655
    ],
    "q1_max": [
      9.68095308293934
    ],
    "q1_min": [
      -9.319152924473533
    ],
    "q2_max": [
      9.620301486493851
    ],
    "q2_min": [
      -4.759047708192686
    ],
    "q_diff_mean": [
      4.38986307996719
    ],
    "target_q_mean": [
      -3.3567209731405487
    ],
    "buffer_size": [
      1002.0
    ],
    "entropy_term": [
      -0.31507342821219947
    ],
    "q_term": [
      -0.07484860389685138
    ],
    "log_probs_mean": [
      -2.6425569873839727
    ],
    "step": [
      1000.0
    ],
    "learning_rate": [
      7.673928440477745e-06
    ],
    "warmup_progress": [
      1.0
    ]
  }
}