{
  "experiment_info": {
    "experiment_name": "large_scale_30gen_10pop",
    "total_networks": 5,
    "total_records": 2100,
    "generation_time": "2025-09-19T00:34:50.317481"
  },
  "network_stats": {
    "ppo": {
      "total_records": 1025,
      "metrics": {
        "actor_loss": {
          "count": 1019,
          "min": 0.32672,
          "max": 0.431419,
          "avg": 0.3588172836113837,
          "first": 0.366564,
          "last": 0.358459,
          "trend": "decreasing",
          "std": 0.008396813708566202
        },
        "critic_loss": {
          "count": 1019,
          "min": 23.952884,
          "max": 35.002054,
          "avg": 27.931244127576036,
          "first": 28.318202,
          "last": 28.315629,
          "trend": "decreasing",
          "std": 1.4799680471163315
        },
        "ppo_total_loss": {
          "count": 1019,
          "min": 24.305634,
          "max": 35.348214,
          "avg": 28.290061426889114,
          "first": 28.684766,
          "last": 28.674088,
          "trend": "decreasing",
          "std": 1.4797045314214807
        },
        "entropy": {
          "count": 1019,
          "min": -0.486315,
          "max": -0.348034,
          "avg": -0.41536668204121735,
          "first": -0.486315,
          "last": -0.348034,
          "trend": "increasing",
          "std": 0.04006508309082318
        },
        "learning_rate": {
          "count": 1024,
          "min": 4.85e-06,
          "max": 5.99e-06,
          "avg": 5.673007812500031e-06,
          "first": 5.99e-06,
          "last": 4.85e-06,
          "trend": "decreasing",
          "std": 3.1895877956871567e-07
        },
        "update_count": {
          "count": 1024,
          "min": 1.0,
          "max": 1019.0,
          "avg": 510.23046875,
          "first": 1.0,
          "last": 1019.0,
          "trend": "increasing",
          "std": 294.04388159938014
        },
        "buffer_size": {
          "count": 1024,
          "min": 0.0,
          "max": 125.0,
          "avg": 16.2041015625,
          "first": 0.0,
          "last": 69.0,
          "trend": "increasing",
          "std": 33.38135389502177
        }
      }
    },
    "attention": {
      "total_records": 271,
      "metrics": {
        "attention_loss": {
          "count": 271,
          "min": 0.05,
          "max": 2.056677480607546,
          "avg": 0.3643274402772417,
          "first": 1.9354070598575788,
          "last": 0.8856031251279868,
          "trend": "decreasing",
          "std": 0.5991451197887655
        },
        "attention_accuracy": {
          "count": 271,
          "min": 0.2688946981354578,
          "max": 0.9497544783036178,
          "avg": 0.8396601124573709,
          "first": 0.36934803177954695,
          "last": 0.8706038866853574,
          "trend": "increasing",
          "std": 0.152886075674838
        },
        "attention_entropy": {
          "count": 271,
          "min": 0.01,
          "max": 0.9998818449834579,
          "avg": 0.1260194531831723,
          "first": 0.9500619189407475,
          "last": 0.06539405360907079,
          "trend": "decreasing",
          "std": 0.2627971438522169
        }
      }
    },
    "gnn": {
      "total_records": 271,
      "metrics": {
        "gnn_loss": {
          "count": 271,
          "min": 0.1,
          "max": 2.533844891011133,
          "avg": 0.4404434994133487,
          "first": 2.3867931904093167,
          "last": 0.6561424873932766,
          "trend": "decreasing",
          "std": 0.6925273807542
        },
        "node_accuracy": {
          "count": 271,
          "min": 0.24796262289100962,
          "max": 0.979652002574956,
          "avg": 0.8781692210970743,
          "first": 0.2715534698695171,
          "last": 0.9496133811870967,
          "trend": "increasing",
          "std": 0.17417590806939892
        },
        "edge_accuracy": {
          "count": 271,
          "min": 0.19835125009447746,
          "max": 0.9874020609983521,
          "avg": 0.8732082971805222,
          "first": 0.2356747368198865,
          "last": 0.9659392008538304,
          "trend": "increasing",
          "std": 0.1882111820650979
        },
        "graph_reconstruction_loss": {
          "count": 271,
          "min": 0.05,
          "max": 1.5614210634762689,
          "avg": 0.21797963591810585,
          "first": 1.4281646950513638,
          "last": 0.05,
          "trend": "decreasing",
          "std": 0.3863066769325277
        }
      }
    },
    "sac": {
      "total_records": 271,
      "metrics": {
        "sac_critic_loss": {
          "count": 271,
          "min": 0.01,
          "max": 2.0099217350018743,
          "avg": 0.2247092030039732,
          "first": 1.8319371759202072,
          "last": 0.010645415087006088,
          "trend": "decreasing",
          "std": 0.5139413463487956
        },
        "sac_actor_loss": {
          "count": 271,
          "min": 0.01,
          "max": 1.61094259324301,
          "avg": 0.1964130005329919,
          "first": 1.5907927213117583,
          "last": 0.08049513732204,
          "trend": "decreasing",
          "std": 0.4245198730098954
        },
        "alpha_loss": {
          "count": 271,
          "min": 0.001,
          "max": 0.5940493883160763,
          "avg": 0.09780956641920259,
          "first": 0.5855848199532665,
          "last": 0.2728943883364379,
          "trend": "decreasing",
          "std": 0.1828672864078464
        }
      }
    },
    "total": {
      "total_records": 262,
      "metrics": {
        "total_loss": {
          "count": 262,
          "min": 7.677071238335031,
          "max": 37.907972736700046,
          "avg": 29.05910136123674,
          "first": 7.744930147498861,
          "last": 30.914253164930308,
          "trend": "increasing",
          "std": 3.02965120675195
        },
        "attention_component": {
          "count": 262,
          "min": 0.05,
          "max": 1.994525008296347,
          "avg": 0.31289166139413244,
          "first": 1.9354070598575788,
          "last": 0.8856031251279868,
          "trend": "decreasing",
          "std": 0.5397171928693023
        },
        "gnn_component": {
          "count": 262,
          "min": 0.1,
          "max": 2.533844891011133,
          "avg": 0.37559616266184603,
          "first": 2.3867931904093167,
          "last": 0.6561424873932766,
          "trend": "decreasing",
          "std": 0.6073308668769478
        },
        "sac_component": {
          "count": 262,
          "min": 0.02,
          "max": 3.479993139653449,
          "avg": 0.32406539214260727,
          "first": 3.4227298972319655,
          "last": 0.09114055240904609,
          "trend": "decreasing",
          "std": 0.789032128084171
        },
        "ppo_component": {
          "count": 260,
          "min": 24.305635000000002,
          "max": 32.778653999999996,
          "avg": 28.262290823076913,
          "first": 29.582009,
          "last": 29.281367,
          "trend": "decreasing",
          "std": 1.407795959558852
        }
      }
    }
  }
}