{
  "config": {
    "experiment_info": {
      "experiment_name": "reacher2d_sac_20250911_113440",
      "start_time": "2025-09-11T11:34:40.260652",
      "log_dir": "./map_elites_experiments/individual_79946/training_logs/reacher2d_sac_20250911_113440",
      "python_version": "3.10.12",
      "platform": "posix"
    },
    "hyperparams": {
      "learning_rate": 5.983943840037577e-06,
      "alpha": 0.2439480725638974,
      "warmup_steps": 1000,
      "target_entropy_factor": 0.8,
      "batch_size": 64,
      "buffer_capacity": 10000,
      "gamma": 0.99,
      "seed": 42,
      "num_processes": 2,
      "update_frequency": 1,
      "total_steps": 120000,
      "optimizer": "Adam",
      "network_architecture": {
        "attn_model_dims": "128-130-130-4",
        "action_dim": 4
      }
    },
    "env_config": {
      "env_name": "reacher2d",
      "env_type": "reacher2d",
      "goal_threshold": 20.0,
      "action_dim": 4,
      "num_links": 4,
      "link_lengths": [
        78.8010316194077,
        76.96190725203145,
        73.7545251688166,
        68.09826128025097
      ],
      "config_path": "/home/xli149/Documents/repos/test_robo/examples/2d_reacher/configs/reacher_with_zigzag_obstacles.yaml",
      "render_mode": null,
      "reward_function": "\u8ddd\u79bb+\u8fdb\u5ea6+\u6210\u529f+\u78b0\u649e+\u65b9\u5411\u5956\u52b1",
      "physics_engine": "PyMunk",
      "obstacle_type": "zigzag",
      "action_space": "continuous",
      "observation_space": "joint_angles_and_positions"
    },
    "training_metrics": {
      "total_steps": 0,
      "total_episodes": 0,
      "training_time_hours": 0,
      "avg_steps_per_second": 0
    }
  },
  "steps": [
    1000
  ],
  "times": [
    8.194173574447632
  ],
  "episodes": [
    10
  ],
  "metrics": {
    "lr": [
      1e-05
    ],
    "critic_loss": [
      6.701991320335937
    ],
    "actor_loss": [
      -0.569008059410004
    ],
    "alpha_loss": [
      -0.0
    ],
    "alpha": [
      0.999994016074074
    ],
    "q1_mean": [
      -1.3784849734177071
    ],
    "q2_mean": [
      1.1443887462188358
    ],
    "q1_std": [
      3.6674118288517983
    ],
    "q2_std": [
      4.134576819493223
    ],
    "q1_max": [
      7.701729350448263
    ],
    "q1_min": [
      -10.355496904231638
    ],
    "q2_max": [
      9.638946864742946
    ],
    "q2_min": [
      -7.302321600799182
    ],
    "q_diff_mean": [
      3.9374432888535154
    ],
    "target_q_mean": [
      -2.7553479167131987
    ],
    "buffer_size": [
      1002.0
    ],
    "entropy_term": [
      -0.6441073061803123
    ],
    "q_term": [
      -0.07509924677030823
    ],
    "log_probs_mean": [
      -2.640345953180675
    ],
    "step": [
      1000.0
    ],
    "learning_rate": [
      5.983943840037577e-06
    ],
    "warmup_progress": [
      1.0
    ]
  }
}