{
  "config": {
    "experiment_info": {
      "experiment_name": "reacher2d_sac_20250911_110805",
      "start_time": "2025-09-11T11:08:05.290916",
      "log_dir": "./map_elites_experiments/individual_85260/training_logs/reacher2d_sac_20250911_110805",
      "python_version": "3.10.12",
      "platform": "posix"
    },
    "hyperparams": {
      "learning_rate": 3.236640477985737e-05,
      "alpha": 0.13441626109250207,
      "warmup_steps": 1000,
      "target_entropy_factor": 0.8,
      "batch_size": 64,
      "buffer_capacity": 10000,
      "gamma": 0.99,
      "seed": 42,
      "num_processes": 2,
      "update_frequency": 1,
      "total_steps": 120000,
      "optimizer": "Adam",
      "network_architecture": {
        "attn_model_dims": "128-130-130-4",
        "action_dim": 6
      }
    },
    "env_config": {
      "env_name": "reacher2d",
      "env_type": "reacher2d",
      "goal_threshold": 20.0,
      "action_dim": 6,
      "num_links": 6,
      "link_lengths": [
        53.015548182406064,
        65.53170619871901,
        56.70859648560349,
        51.86302007053068,
        86.51015095977601,
        97.48535767204973
      ],
      "config_path": "/home/xli149/Documents/repos/test_robo/examples/2d_reacher/configs/reacher_with_zigzag_obstacles.yaml",
      "render_mode": null,
      "reward_function": "\u8ddd\u79bb+\u8fdb\u5ea6+\u6210\u529f+\u78b0\u649e+\u65b9\u5411\u5956\u52b1",
      "physics_engine": "PyMunk",
      "obstacle_type": "zigzag",
      "action_space": "continuous",
      "observation_space": "joint_angles_and_positions"
    },
    "training_metrics": {
      "total_steps": 0,
      "total_episodes": 0,
      "training_time_hours": 0,
      "avg_steps_per_second": 0
    }
  },
  "steps": [
    1000
  ],
  "times": [
    1.3698461055755615
  ],
  "episodes": [
    10
  ],
  "metrics": {
    "lr": [
      1.6183202389928687e-05
    ],
    "critic_loss": [
      6.751687783191008
    ],
    "actor_loss": [
      -0.42472381000960047
    ],
    "alpha_loss": [
      -0.0
    ],
    "alpha": [
      0.9999676341190445
    ],
    "q1_mean": [
      -0.1207059957407933
    ],
    "q2_mean": [
      -2.2783048796009906
    ],
    "q1_std": [
      3.605205632071938
    ],
    "q2_std": [
      3.2516685918268076
    ],
    "q1_max": [
      6.771589233282766
    ],
    "q1_min": [
      -8.171275549825918
    ],
    "q2_max": [
      5.7673135645253994
    ],
    "q2_min": [
      -10.418132011936523
    ],
    "q_diff_mean": [
      4.036604000405412
    ],
    "target_q_mean": [
      -4.288774609547203
    ],
    "buffer_size": [
      1002.0
    ],
    "entropy_term": [
      -0.5001487582351463
    ],
    "q_term": [
      -0.07542494822554582
    ],
    "log_probs_mean": [
      -3.7208947352802486
    ],
    "step": [
      1000.0
    ],
    "learning_rate": [
      3.236640477985737e-05
    ],
    "warmup_progress": [
      1.0
    ]
  }
}