{
  "config": {
    "experiment_info": {
      "experiment_name": "reacher2d_sac_20250911_113420",
      "start_time": "2025-09-11T11:34:20.110352",
      "log_dir": "./map_elites_experiments/individual_59528/training_logs/reacher2d_sac_20250911_113420",
      "python_version": "3.10.12",
      "platform": "posix"
    },
    "hyperparams": {
      "learning_rate": 1.2948124720128971e-06,
      "alpha": 0.7470751218638008,
      "warmup_steps": 1000,
      "target_entropy_factor": 0.8,
      "batch_size": 64,
      "buffer_capacity": 10000,
      "gamma": 0.99,
      "seed": 42,
      "num_processes": 2,
      "update_frequency": 1,
      "total_steps": 120000,
      "optimizer": "Adam",
      "network_architecture": {
        "attn_model_dims": "128-130-130-4",
        "action_dim": 6
      }
    },
    "env_config": {
      "env_name": "reacher2d",
      "env_type": "reacher2d",
      "goal_threshold": 20.0,
      "action_dim": 6,
      "num_links": 6,
      "link_lengths": [
        92.63630714561998,
        74.45173490165351,
        99.6141794843951,
        55.475848122579265,
        83.10161201889318,
        52.469897482962914
      ],
      "config_path": "/home/xli149/Documents/repos/test_robo/examples/2d_reacher/configs/reacher_with_zigzag_obstacles.yaml",
      "render_mode": null,
      "reward_function": "\u8ddd\u79bb+\u8fdb\u5ea6+\u6210\u529f+\u78b0\u649e+\u65b9\u5411\u5956\u52b1",
      "physics_engine": "PyMunk",
      "obstacle_type": "zigzag",
      "action_space": "continuous",
      "observation_space": "joint_angles_and_positions"
    },
    "training_metrics": {
      "total_steps": 0,
      "total_episodes": 0,
      "training_time_hours": 0,
      "avg_steps_per_second": 0
    }
  },
  "steps": [
    1000
  ],
  "times": [
    8.30228567123413
  ],
  "episodes": [
    10
  ],
  "metrics": {
    "lr": [
      1e-05
    ],
    "critic_loss": [
      5.672072119418436
    ],
    "actor_loss": [
      -2.7972627463273456
    ],
    "alpha_loss": [
      -0.0
    ],
    "alpha": [
      0.9999987051883678
    ],
    "q1_mean": [
      -0.34429845312930785
    ],
    "q2_mean": [
      -2.967293706964177
    ],
    "q1_std": [
      4.056685394927317
    ],
    "q2_std": [
      3.64003734407974
    ],
    "q1_max": [
      7.953257725980386
    ],
    "q1_min": [
      -8.54113609621854
    ],
    "q2_max": [
      5.107917849744142
    ],
    "q2_min": [
      -10.460791193198842
    ],
    "q_diff_mean": [
      4.8554310693450455
    ],
    "target_q_mean": [
      -2.0993424511053664
    ],
    "buffer_size": [
      1002.0
    ],
    "entropy_term": [
      -2.8621628561659547
    ],
    "q_term": [
      -0.06490010983860856
    ],
    "log_probs_mean": [
      -3.8311580353866406
    ],
    "step": [
      1000.0
    ],
    "learning_rate": [
      1.2948124720128971e-06
    ],
    "warmup_progress": [
      1.0
    ]
  }
}