{
  "config": {
    "experiment_info": {
      "experiment_name": "reacher2d_sac_20250911_113753",
      "start_time": "2025-09-11T11:37:53.111141",
      "log_dir": "./map_elites_experiments/individual_72415/training_logs/reacher2d_sac_20250911_113753",
      "python_version": "3.10.12",
      "platform": "posix"
    },
    "hyperparams": {
      "learning_rate": 3.50935357737593e-05,
      "alpha": 0.8992189560764272,
      "warmup_steps": 1000,
      "target_entropy_factor": 0.8,
      "batch_size": 64,
      "buffer_capacity": 10000,
      "gamma": 0.99,
      "seed": 42,
      "num_processes": 2,
      "update_frequency": 1,
      "total_steps": 120000,
      "optimizer": "Adam",
      "network_architecture": {
        "attn_model_dims": "128-130-130-4",
        "action_dim": 4
      }
    },
    "env_config": {
      "env_name": "reacher2d",
      "env_type": "reacher2d",
      "goal_threshold": 20.0,
      "action_dim": 4,
      "num_links": 4,
      "link_lengths": [
        55.8979197804227,
        57.01814371285885,
        84.97571634379187,
        96.38941530841177
      ],
      "config_path": "/home/xli149/Documents/repos/test_robo/examples/2d_reacher/configs/reacher_with_zigzag_obstacles.yaml",
      "render_mode": null,
      "reward_function": "\u8ddd\u79bb+\u8fdb\u5ea6+\u6210\u529f+\u78b0\u649e+\u65b9\u5411\u5956\u52b1",
      "physics_engine": "PyMunk",
      "obstacle_type": "zigzag",
      "action_space": "continuous",
      "observation_space": "joint_angles_and_positions"
    },
    "training_metrics": {
      "total_steps": 0,
      "total_episodes": 0,
      "training_time_hours": 0,
      "avg_steps_per_second": 0
    }
  },
  "steps": [
    1000
  ],
  "times": [
    8.208112955093384
  ],
  "episodes": [
    10
  ],
  "metrics": {
    "lr": [
      1.754676788687965e-05
    ],
    "critic_loss": [
      4.697828506453822
    ],
    "actor_loss": [
      -2.3054612870378834
    ],
    "alpha_loss": [
      -0.0
    ],
    "alpha": [
      0.9999649070800571
    ],
    "q1_mean": [
      -1.5084387710400256
    ],
    "q2_mean": [
      0.5642320152120217
    ],
    "q1_std": [
      3.866397526104963
    ],
    "q2_std": [
      2.839985576663812
    ],
    "q1_max": [
      11.221553622879268
    ],
    "q1_min": [
      -8.688830603131708
    ],
    "q2_max": [
      8.939266319513605
    ],
    "q2_min": [
      -5.876800711336958
    ],
    "q_diff_mean": [
      3.624306530326599
    ],
    "target_q_mean": [
      -1.1303518358437217
    ],
    "buffer_size": [
      1002.0
    ],
    "entropy_term": [
      -2.3809023514674514
    ],
    "q_term": [
      -0.07544106442956817
    ],
    "log_probs_mean": [
      -2.647744840540363
    ],
    "step": [
      1000.0
    ],
    "learning_rate": [
      3.50935357737593e-05
    ],
    "warmup_progress": [
      1.0
    ]
  }
}