{
  "config": {
    "experiment_info": {
      "experiment_name": "reacher2d_sac_20250911_114037",
      "start_time": "2025-09-11T11:40:37.390004",
      "log_dir": "./map_elites_experiments/individual_36398/training_logs/reacher2d_sac_20250911_114037",
      "python_version": "3.10.12",
      "platform": "posix"
    },
    "hyperparams": {
      "learning_rate": 1.963772849875817e-06,
      "alpha": 0.88329323773265,
      "warmup_steps": 1000,
      "target_entropy_factor": 0.8,
      "batch_size": 64,
      "buffer_capacity": 10000,
      "gamma": 0.99,
      "seed": 42,
      "num_processes": 2,
      "update_frequency": 1,
      "total_steps": 120000,
      "optimizer": "Adam",
      "network_architecture": {
        "attn_model_dims": "128-130-130-4",
        "action_dim": 5
      }
    },
    "env_config": {
      "env_name": "reacher2d",
      "env_type": "reacher2d",
      "goal_threshold": 20.0,
      "action_dim": 5,
      "num_links": 5,
      "link_lengths": [
        91.07934707029145,
        42.65261743636567,
        51.617684748048845,
        67.40749585435313,
        62.88890024742855
      ],
      "config_path": "/home/xli149/Documents/repos/test_robo/examples/2d_reacher/configs/reacher_with_zigzag_obstacles.yaml",
      "render_mode": null,
      "reward_function": "\u8ddd\u79bb+\u8fdb\u5ea6+\u6210\u529f+\u78b0\u649e+\u65b9\u5411\u5956\u52b1",
      "physics_engine": "PyMunk",
      "obstacle_type": "zigzag",
      "action_space": "continuous",
      "observation_space": "joint_angles_and_positions"
    },
    "training_metrics": {
      "total_steps": 0,
      "total_episodes": 0,
      "training_time_hours": 0,
      "avg_steps_per_second": 0
    }
  },
  "steps": [
    1000
  ],
  "times": [
    8.245809078216553
  ],
  "episodes": [
    10
  ],
  "metrics": {
    "lr": [
      1e-05
    ],
    "critic_loss": [
      5.511571078449862
    ],
    "actor_loss": [
      -2.788708678272791
    ],
    "alpha_loss": [
      -0.0
    ],
    "alpha": [
      0.999998036229081
    ],
    "q1_mean": [
      1.4925655443518289
    ],
    "q2_mean": [
      -0.838371869961479
    ],
    "q1_std": [
      3.188281148662834
    ],
    "q2_std": [
      4.078860165560223
    ],
    "q1_max": [
      7.173478261245038
    ],
    "q1_min": [
      -6.282165145810278
    ],
    "q2_max": [
      8.299094700464464
    ],
    "q2_min": [
      -9.247310915906098
    ],
    "q_diff_mean": [
      5.75180242146831
    ],
    "target_q_mean": [
      -0.6241721265094691
    ],
    "buffer_size": [
      1002.0
    ],
    "entropy_term": [
      -2.8603733247511283
    ],
    "q_term": [
      -0.07166464647833701
    ],
    "log_probs_mean": [
      -3.2383054715708
    ],
    "step": [
      1000.0
    ],
    "learning_rate": [
      1.963772849875817e-06
    ],
    "warmup_progress": [
      1.0
    ]
  }
}