{
  "config": {
    "experiment_info": {
      "experiment_name": "reacher2d_sac_20250911_114047",
      "start_time": "2025-09-11T11:40:47.898721",
      "log_dir": "./map_elites_experiments/individual_47095/training_logs/reacher2d_sac_20250911_114047",
      "python_version": "3.10.12",
      "platform": "posix"
    },
    "hyperparams": {
      "learning_rate": 2.9207419860274548e-06,
      "alpha": 0.8145262961444322,
      "warmup_steps": 1000,
      "target_entropy_factor": 0.8,
      "batch_size": 64,
      "buffer_capacity": 10000,
      "gamma": 0.99,
      "seed": 42,
      "num_processes": 2,
      "update_frequency": 1,
      "total_steps": 120000,
      "optimizer": "Adam",
      "network_architecture": {
        "attn_model_dims": "128-130-130-4",
        "action_dim": 3
      }
    },
    "env_config": {
      "env_name": "reacher2d",
      "env_type": "reacher2d",
      "goal_threshold": 20.0,
      "action_dim": 3,
      "num_links": 3,
      "link_lengths": [
        92.08315798336577,
        46.814909888273036,
        98.0637728425215
      ],
      "config_path": "/home/xli149/Documents/repos/test_robo/examples/2d_reacher/configs/reacher_with_zigzag_obstacles.yaml",
      "render_mode": null,
      "reward_function": "\u8ddd\u79bb+\u8fdb\u5ea6+\u6210\u529f+\u78b0\u649e+\u65b9\u5411\u5956\u52b1",
      "physics_engine": "PyMunk",
      "obstacle_type": "zigzag",
      "action_space": "continuous",
      "observation_space": "joint_angles_and_positions"
    },
    "training_metrics": {
      "total_steps": 0,
      "total_episodes": 0,
      "training_time_hours": 0,
      "avg_steps_per_second": 0
    }
  },
  "steps": [
    1000
  ],
  "times": [
    8.218702793121338
  ],
  "episodes": [
    10
  ],
  "metrics": {
    "lr": [
      1e-05
    ],
    "critic_loss": [
      4.537027011552633
    ],
    "actor_loss": [
      -1.5093327506282084
    ],
    "alpha_loss": [
      -0.0
    ],
    "alpha": [
      0.9999970792622861
    ],
    "q1_mean": [
      -2.5436376143494455
    ],
    "q2_mean": [
      -5.487651167049641
    ],
    "q1_std": [
      1.7500828660612888
    ],
    "q2_std": [
      2.763285304941489
    ],
    "q1_max": [
      1.0710547342545307
    ],
    "q1_min": [
      -7.230072327650829
    ],
    "q2_max": [
      -0.20642321237985659
    ],
    "q2_min": [
      -11.709474428011935
    ],
    "q_diff_mean": [
      3.6313782109358095
    ],
    "target_q_mean": [
      -1.6346231594557454
    ],
    "buffer_size": [
      1002.0
    ],
    "entropy_term": [
      -1.5929202275639254
    ],
    "q_term": [
      -0.08358747693571708
    ],
    "log_probs_mean": [
      -1.955640026729681
    ],
    "step": [
      1000.0
    ],
    "learning_rate": [
      2.9207419860274548e-06
    ],
    "warmup_progress": [
      1.0
    ]
  }
}