{
  "config": {
    "experiment_info": {
      "experiment_name": "reacher2d_sac_20250911_114309",
      "start_time": "2025-09-11T11:43:09.839276",
      "log_dir": "./map_elites_experiments/individual_89594/training_logs/reacher2d_sac_20250911_114309",
      "python_version": "3.10.12",
      "platform": "posix"
    },
    "hyperparams": {
      "learning_rate": 1.3862694325065631e-05,
      "alpha": 0.2933336434443079,
      "warmup_steps": 1000,
      "target_entropy_factor": 0.8,
      "batch_size": 64,
      "buffer_capacity": 10000,
      "gamma": 0.99,
      "seed": 42,
      "num_processes": 2,
      "update_frequency": 1,
      "total_steps": 120000,
      "optimizer": "Adam",
      "network_architecture": {
        "attn_model_dims": "128-130-130-4",
        "action_dim": 3
      }
    },
    "env_config": {
      "env_name": "reacher2d",
      "env_type": "reacher2d",
      "goal_threshold": 20.0,
      "action_dim": 3,
      "num_links": 3,
      "link_lengths": [
        47.238845607610415,
        67.94713519846073,
        82.3884016224611
      ],
      "config_path": "/home/xli149/Documents/repos/test_robo/examples/2d_reacher/configs/reacher_with_zigzag_obstacles.yaml",
      "render_mode": null,
      "reward_function": "\u8ddd\u79bb+\u8fdb\u5ea6+\u6210\u529f+\u78b0\u649e+\u65b9\u5411\u5956\u52b1",
      "physics_engine": "PyMunk",
      "obstacle_type": "zigzag",
      "action_space": "continuous",
      "observation_space": "joint_angles_and_positions"
    },
    "training_metrics": {
      "total_steps": 0,
      "total_episodes": 0,
      "training_time_hours": 0,
      "avg_steps_per_second": 0
    }
  },
  "steps": [
    1000
  ],
  "times": [
    8.211193084716797
  ],
  "episodes": [
    10
  ],
  "metrics": {
    "lr": [
      1e-05
    ],
    "critic_loss": [
      4.51656156177703
    ],
    "actor_loss": [
      -0.4900349481687433
    ],
    "alpha_loss": [
      -0.0
    ],
    "alpha": [
      0.9999861374017934
    ],
    "q1_mean": [
      -3.2351096343230457
    ],
    "q2_mean": [
      -5.288078134245634
    ],
    "q1_std": [
      2.038971678346057
    ],
    "q2_std": [
      3.0928769757322057
    ],
    "q1_max": [
      1.0683788728469292
    ],
    "q1_min": [
      -8.34266055101716
    ],
    "q2_max": [
      -0.6545089251210717
    ],
    "q2_min": [
      -11.71005013957694
    ],
    "q_diff_mean": [
      3.595341863823386
    ],
    "target_q_mean": [
      -2.061000051519069
    ],
    "buffer_size": [
      1002.0
    ],
    "entropy_term": [
      -0.573213981415684
    ],
    "q_term": [
      -0.08317903324694077
    ],
    "log_probs_mean": [
      -1.9541365071017296
    ],
    "step": [
      1000.0
    ],
    "learning_rate": [
      1.3862694325065631e-05
    ],
    "warmup_progress": [
      1.0
    ]
  }
}