{
  "config": {
    "experiment_info": {
      "experiment_name": "reacher2d_sac_20250911_113420",
      "start_time": "2025-09-11T11:34:20.102542",
      "log_dir": "./map_elites_experiments/individual_59530/training_logs/reacher2d_sac_20250911_113420",
      "python_version": "3.10.12",
      "platform": "posix"
    },
    "hyperparams": {
      "learning_rate": 1.2686061632720327e-05,
      "alpha": 0.6858275248937906,
      "warmup_steps": 1000,
      "target_entropy_factor": 0.8,
      "batch_size": 64,
      "buffer_capacity": 10000,
      "gamma": 0.99,
      "seed": 42,
      "num_processes": 2,
      "update_frequency": 1,
      "total_steps": 120000,
      "optimizer": "Adam",
      "network_architecture": {
        "attn_model_dims": "128-130-130-4",
        "action_dim": 6
      }
    },
    "env_config": {
      "env_name": "reacher2d",
      "env_type": "reacher2d",
      "goal_threshold": 20.0,
      "action_dim": 6,
      "num_links": 6,
      "link_lengths": [
        76.06690538814658,
        77.61905020493052,
        63.85134563996502,
        59.85154116072559,
        45.31278077841106,
        99.04435573277809
      ],
      "config_path": "/home/xli149/Documents/repos/test_robo/examples/2d_reacher/configs/reacher_with_zigzag_obstacles.yaml",
      "render_mode": null,
      "reward_function": "\u8ddd\u79bb+\u8fdb\u5ea6+\u6210\u529f+\u78b0\u649e+\u65b9\u5411\u5956\u52b1",
      "physics_engine": "PyMunk",
      "obstacle_type": "zigzag",
      "action_space": "continuous",
      "observation_space": "joint_angles_and_positions"
    },
    "training_metrics": {
      "total_steps": 0,
      "total_episodes": 0,
      "training_time_hours": 0,
      "avg_steps_per_second": 0
    }
  },
  "steps": [
    1000
  ],
  "times": [
    8.287866353988647
  ],
  "episodes": [
    10
  ],
  "metrics": {
    "lr": [
      1e-05
    ],
    "critic_loss": [
      5.313874371297025
    ],
    "actor_loss": [
      -2.5528838851092086
    ],
    "alpha_loss": [
      -0.0
    ],
    "alpha": [
      0.9999873140188498
    ],
    "q1_mean": [
      0.10290953301421102
    ],
    "q2_mean": [
      -2.1801194651302813
    ],
    "q1_std": [
      3.4277427914954863
    ],
    "q2_std": [
      3.725307284234131
    ],
    "q1_max": [
      8.114734526260607
    ],
    "q1_min": [
      -8.78754688290162
    ],
    "q2_max": [
      8.462997212496443
    ],
    "q2_min": [
      -9.933653739682732
    ],
    "q_diff_mean": [
      4.216133168555197
    ],
    "target_q_mean": [
      -1.9334606348859917
    ],
    "buffer_size": [
      1002.0
    ],
    "entropy_term": [
      -2.618810553585513
    ],
    "q_term": [
      -0.06592666847630418
    ],
    "log_probs_mean": [
      -3.81846814035507
    ],
    "step": [
      1000.0
    ],
    "learning_rate": [
      1.2686061632720327e-05
    ],
    "warmup_progress": [
      1.0
    ]
  }
}