{
  "config": {
    "experiment_info": {
      "experiment_name": "reacher2d_sac_20250911_114246",
      "start_time": "2025-09-11T11:42:46.706877",
      "log_dir": "./map_elites_experiments/individual_66028/training_logs/reacher2d_sac_20250911_114246",
      "python_version": "3.10.12",
      "platform": "posix"
    },
    "hyperparams": {
      "learning_rate": 0.0008071776676227925,
      "alpha": 0.33973159390835,
      "warmup_steps": 1000,
      "target_entropy_factor": 0.8,
      "batch_size": 64,
      "buffer_capacity": 10000,
      "gamma": 0.99,
      "seed": 42,
      "num_processes": 2,
      "update_frequency": 1,
      "total_steps": 120000,
      "optimizer": "Adam",
      "network_architecture": {
        "attn_model_dims": "128-130-130-4",
        "action_dim": 5
      }
    },
    "env_config": {
      "env_name": "reacher2d",
      "env_type": "reacher2d",
      "goal_threshold": 20.0,
      "action_dim": 5,
      "num_links": 5,
      "link_lengths": [
        72.2174934080694,
        78.08236550828431,
        95.92719327279977,
        70.70876872797237,
        53.51860528770152
      ],
      "config_path": "/home/xli149/Documents/repos/test_robo/examples/2d_reacher/configs/reacher_with_zigzag_obstacles.yaml",
      "render_mode": null,
      "reward_function": "\u8ddd\u79bb+\u8fdb\u5ea6+\u6210\u529f+\u78b0\u649e+\u65b9\u5411\u5956\u52b1",
      "physics_engine": "PyMunk",
      "obstacle_type": "zigzag",
      "action_space": "continuous",
      "observation_space": "joint_angles_and_positions"
    },
    "training_metrics": {
      "total_steps": 0,
      "total_episodes": 0,
      "training_time_hours": 0,
      "avg_steps_per_second": 0
    }
  },
  "steps": [
    1000
  ],
  "times": [
    8.264724016189575
  ],
  "episodes": [
    10
  ],
  "metrics": {
    "lr": [
      0.00040358883381139626
    ],
    "critic_loss": [
      9.540525898391872
    ],
    "actor_loss": [
      -1.0023919088199236
    ],
    "alpha_loss": [
      -0.0
    ],
    "alpha": [
      0.9991931480137497
    ],
    "q1_mean": [
      2.377570927109215
    ],
    "q2_mean": [
      -3.047790853153586
    ],
    "q1_std": [
      3.4272031261355624
    ],
    "q2_std": [
      5.855960389969933
    ],
    "q1_max": [
      8.054228800851767
    ],
    "q1_min": [
      -5.261664000260068
    ],
    "q2_max": [
      10.227874849535494
    ],
    "q2_min": [
      -15.176412086079047
    ],
    "q_diff_mean": [
      8.094452573060872
    ],
    "target_q_mean": [
      -3.3659634348791654
    ],
    "buffer_size": [
      1002.0
    ],
    "entropy_term": [
      -1.104879843078551
    ],
    "q_term": [
      -0.10248793425862722
    ],
    "log_probs_mean": [
      -3.2522139915447967
    ],
    "step": [
      1000.0
    ],
    "learning_rate": [
      0.0008071776676227925
    ],
    "warmup_progress": [
      1.0
    ]
  }
}