{
  "config": {
    "experiment_info": {
      "experiment_name": "reacher2d_sac_20250911_114047",
      "start_time": "2025-09-11T11:40:47.887372",
      "log_dir": "./map_elites_experiments/individual_47117/training_logs/reacher2d_sac_20250911_114047",
      "python_version": "3.10.12",
      "platform": "posix"
    },
    "hyperparams": {
      "learning_rate": 0.00013922524815877278,
      "alpha": 0.18399340766480451,
      "warmup_steps": 1000,
      "target_entropy_factor": 0.8,
      "batch_size": 64,
      "buffer_capacity": 10000,
      "gamma": 0.99,
      "seed": 42,
      "num_processes": 2,
      "update_frequency": 1,
      "total_steps": 120000,
      "optimizer": "Adam",
      "network_architecture": {
        "attn_model_dims": "128-130-130-4",
        "action_dim": 4
      }
    },
    "env_config": {
      "env_name": "reacher2d",
      "env_type": "reacher2d",
      "goal_threshold": 20.0,
      "action_dim": 4,
      "num_links": 4,
      "link_lengths": [
        42.975992954686454,
        50.61290849802177,
        78.57403438345072,
        84.9677836696653
      ],
      "config_path": "/home/xli149/Documents/repos/test_robo/examples/2d_reacher/configs/reacher_with_zigzag_obstacles.yaml",
      "render_mode": null,
      "reward_function": "\u8ddd\u79bb+\u8fdb\u5ea6+\u6210\u529f+\u78b0\u649e+\u65b9\u5411\u5956\u52b1",
      "physics_engine": "PyMunk",
      "obstacle_type": "zigzag",
      "action_space": "continuous",
      "observation_space": "joint_angles_and_positions"
    },
    "training_metrics": {
      "total_steps": 0,
      "total_episodes": 0,
      "training_time_hours": 0,
      "avg_steps_per_second": 0
    }
  },
  "steps": [
    1000
  ],
  "times": [
    8.253450870513916
  ],
  "episodes": [
    10
  ],
  "metrics": {
    "lr": [
      6.961262407938639e-05
    ],
    "critic_loss": [
      7.487435900919404
    ],
    "actor_loss": [
      -0.4079242843230253
    ],
    "alpha_loss": [
      -0.0
    ],
    "alpha": [
      0.9998607844434643
    ],
    "q1_mean": [
      -1.479162721597434
    ],
    "q2_mean": [
      1.1932360430080566
    ],
    "q1_std": [
      4.5860331399514696
    ],
    "q2_std": [
      3.9399132054762513
    ],
    "q1_max": [
      11.76156497152313
    ],
    "q1_min": [
      -8.65187311343231
    ],
    "q2_max": [
      9.833567915423561
    ],
    "q2_min": [
      -7.6654784057273435
    ],
    "q_diff_mean": [
      4.826053709082145
    ],
    "target_q_mean": [
      -2.889142415366528
    ],
    "buffer_size": [
      1002.0
    ],
    "entropy_term": [
      -0.48777799285559786
    ],
    "q_term": [
      -0.07985370853257254
    ],
    "log_probs_mean": [
      -2.6510623344952764
    ],
    "step": [
      1000.0
    ],
    "learning_rate": [
      0.00013922524815877278
    ],
    "warmup_progress": [
      1.0
    ]
  }
}