{
  "experiment_info": {
    "experiment_name": "sac_with_logging",
    "data_type": "real_only",
    "total_networks": 1,
    "total_records": 27,
    "generation_time": "2025-09-21T20:52:24.693242",
    "note": "Only real loss data from training output, no simulated data"
  },
  "network_stats": {
    "sac": {
      "total_records": 27,
      "metrics": {
        "generation": {
          "count": 27,
          "min": 0,
          "max": 0,
          "avg": 0.0,
          "first": 0,
          "last": 0,
          "trend": "increasing",
          "std": 0.0
        },
        "actor_loss": {
          "count": 27,
          "min": -1.797064,
          "max": 0.450975,
          "avg": -0.37518829629629635,
          "first": -0.111709,
          "last": 0.450975,
          "trend": "increasing",
          "std": 0.6461418367444316
        },
        "critic_loss": {
          "count": 27,
          "min": 0.700499,
          "max": 5.556526,
          "avg": 1.3952613333333335,
          "first": 5.556526,
          "last": 1.434333,
          "trend": "decreasing",
          "std": 0.8471999210658604
        },
        "alpha_loss": {
          "count": 27,
          "min": -3.342677,
          "max": -0.0,
          "avg": -2.010631962962963,
          "first": -0.0,
          "last": -3.342677,
          "trend": "decreasing",
          "std": 0.9887664254981589
        },
        "alpha": {
          "count": 27,
          "min": 0.473033,
          "max": 0.999012,
          "avg": 0.6522866666666667,
          "first": 0.999012,
          "last": 0.473033,
          "trend": "decreasing",
          "std": 0.15193948824157302
        },
        "q1_mean": {
          "count": 27,
          "min": -4.721016,
          "max": -1.26844,
          "avg": -2.2699982592592587,
          "first": -4.721016,
          "last": -2.657719,
          "trend": "increasing",
          "std": 0.61703350573534
        },
        "q2_mean": {
          "count": 27,
          "min": -5.405136,
          "max": -0.757165,
          "avg": -2.2289729259259254,
          "first": -5.405136,
          "last": -2.617658,
          "trend": "increasing",
          "std": 0.7850206729645391
        },
        "q1_std": {
          "count": 27,
          "min": 0.399096,
          "max": 3.279639,
          "avg": 0.7274896666666665,
          "first": 3.279639,
          "last": 0.430944,
          "trend": "decreasing",
          "std": 0.5189888834741817
        },
        "q2_std": {
          "count": 27,
          "min": 0.41111,
          "max": 4.39715,
          "avg": 0.7949286666666667,
          "first": 4.39715,
          "last": 0.41111,
          "trend": "decreasing",
          "std": 0.7228372308336498
        },
        "entropy_term": {
          "count": 27,
          "min": -1.911812,
          "max": -0.197142,
          "avg": -1.2661734444444446,
          "first": -0.197142,
          "last": -0.978017,
          "trend": "decreasing",
          "std": 0.3460682977410066
        },
        "q_term": {
          "count": 27,
          "min": -1.428992,
          "max": -0.085433,
          "avg": -0.8909852222222221,
          "first": -0.085433,
          "last": -1.428992,
          "trend": "decreasing",
          "std": 0.4016301564238693
        },
        "learning_rate": {
          "count": 27,
          "min": 0.000251,
          "max": 0.00089,
          "avg": 0.0005199999999999998,
          "first": 0.000494,
          "last": 0.000251,
          "trend": "decreasing",
          "std": 0.000203099318889388
        },
        "buffer_size": {
          "count": 27,
          "min": 1001.0,
          "max": 3601.0,
          "avg": 2301.0,
          "first": 1001.0,
          "last": 3601.0,
          "trend": "increasing",
          "std": 778.8880963698615
        }
      }
    }
  }
}