{
  "experiment_info": {
    "experiment_name": "large_scale_with_success_rate",
    "total_networks": 6,
    "total_records": 18579,
    "generation_time": "2025-09-19T01:05:44.740819"
  },
  "network_stats": {
    "ppo": {
      "total_records": 8907,
      "metrics": {
        "actor_loss": {
          "count": 8876,
          "min": 0.285371,
          "max": 0.954118,
          "avg": 0.3553744000675972,
          "first": 0.362651,
          "last": 0.352706,
          "trend": "decreasing",
          "std": 0.01535209269022943
        },
        "critic_loss": {
          "count": 8876,
          "min": 14.823588,
          "max": 44.746781,
          "avg": 24.05118039736359,
          "first": 30.234668,
          "last": 30.730273,
          "trend": "increasing",
          "std": 4.9200668088583175
        },
        "ppo_total_loss": {
          "count": 8876,
          "min": 15.182583,
          "max": 45.09808,
          "avg": 24.406554793600716,
          "first": 30.597319,
          "last": 31.082978,
          "trend": "increasing",
          "std": 4.923553229340217
        },
        "entropy": {
          "count": 8876,
          "min": -0.486365,
          "max": 0.671911,
          "avg": -0.2244855797656604,
          "first": -0.242951,
          "last": 0.098923,
          "trend": "increasing",
          "std": 0.2746634455084939
        },
        "learning_rate": {
          "count": 8899,
          "min": 3.76e-07,
          "max": 6.17e-05,
          "avg": 1.4694970109000559e-05,
          "first": 5.18e-05,
          "last": 6.17e-05,
          "trend": "increasing",
          "std": 2.036319136245248e-05
        },
        "update_count": {
          "count": 8899,
          "min": 0.0,
          "max": 3733.0,
          "avg": 1247.5826497359253,
          "first": 1.0,
          "last": 419.0,
          "trend": "increasing",
          "std": 969.2262613999338
        },
        "buffer_size": {
          "count": 8900,
          "min": 0.0,
          "max": 253.0,
          "avg": 15.856516853932584,
          "first": 0.0,
          "last": 0.0,
          "trend": "increasing",
          "std": 42.889929375091896
        }
      }
    },
    "attention": {
      "total_records": 1958,
      "metrics": {
        "attention_loss": {
          "count": 1958,
          "min": 0.05,
          "max": 2.0316393377215785,
          "avg": 0.24197625296296396,
          "first": 1.909864819868981,
          "last": 0.05,
          "trend": "decreasing",
          "std": 0.4633970204741827
        },
        "attention_accuracy": {
          "count": 1958,
          "min": 0.27549629171634676,
          "max": 0.9499735896387684,
          "avg": 0.8693605472426618,
          "first": 0.3235220750165514,
          "last": 0.8750470188514279,
          "trend": "increasing",
          "std": 0.1104868121240798
        },
        "attention_entropy": {
          "count": 1958,
          "min": 0.01,
          "max": 0.9966166057480503,
          "avg": 0.07224109471121032,
          "first": 0.9750245266907823,
          "last": 0.01,
          "trend": "decreasing",
          "std": 0.19283587793981385
        }
      }
    },
    "gnn": {
      "total_records": 1958,
      "metrics": {
        "gnn_loss": {
          "count": 1958,
          "min": 0.1,
          "max": 2.5541532093606274,
          "avg": 0.29273753210539166,
          "first": 2.3029970807660516,
          "last": 0.1,
          "trend": "decreasing",
          "std": 0.5214050166946869
        },
        "node_accuracy": {
          "count": 1958,
          "min": 0.2219865125669367,
          "max": 0.9799457252158189,
          "avg": 0.9144974269847369,
          "first": 0.27758837395192354,
          "last": 0.9239019204741543,
          "trend": "increasing",
          "std": 0.12495522337453682
        },
        "edge_accuracy": {
          "count": 1958,
          "min": 0.18629346042331008,
          "max": 0.9899853956800282,
          "avg": 0.9124392412265131,
          "first": 0.21979336466905922,
          "last": 0.9883178640239276,
          "trend": "increasing",
          "std": 0.13432135430948255
        },
        "graph_reconstruction_loss": {
          "count": 1958,
          "min": 0.05,
          "max": 1.4957314967131108,
          "avg": 0.13846810729844858,
          "first": 1.480535995926168,
          "last": 0.05,
          "trend": "decreasing",
          "std": 0.27847064145136985
        }
      }
    },
    "sac": {
      "total_records": 1958,
      "metrics": {
        "sac_critic_loss": {
          "count": 1958,
          "min": 0.01,
          "max": 2.0198155227786185,
          "avg": 0.12132072409399484,
          "first": 1.873689151339852,
          "last": 0.01,
          "trend": "decreasing",
          "std": 0.3677362477628548
        },
        "sac_actor_loss": {
          "count": 1958,
          "min": 0.01,
          "max": 1.5900905934711358,
          "avg": 0.10866146253873638,
          "first": 1.5372995612761726,
          "last": 0.01,
          "trend": "decreasing",
          "std": 0.3077501493365334
        },
        "alpha_loss": {
          "count": 1958,
          "min": 0.001,
          "max": 0.6023254525547552,
          "avg": 0.061176236921789647,
          "first": 0.6003394478714681,
          "last": 0.001,
          "trend": "decreasing",
          "std": 0.14365457085837618
        }
      }
    },
    "total": {
      "total_records": 1897,
      "metrics": {
        "total_loss": {
          "count": 1897,
          "min": 0.21162210703162962,
          "max": 47.99557808473026,
          "avg": 26.670234877748882,
          "first": 7.623850613251057,
          "last": 30.84962,
          "trend": "increasing",
          "std": 4.811640565458472
        },
        "attention_component": {
          "count": 1897,
          "min": 0.05,
          "max": 2.027894865871068,
          "avg": 0.21405157708638237,
          "first": 1.909864819868981,
          "last": 0.05,
          "trend": "decreasing",
          "std": 0.43310199677828853
        },
        "gnn_component": {
          "count": 1897,
          "min": 0.1,
          "max": 2.5541532093606274,
          "avg": 0.26458827228487247,
          "first": 2.3029970807660516,
          "last": 0.1,
          "trend": "decreasing",
          "std": 0.4860506748280646
        },
        "sac_component": {
          "count": 1897,
          "min": 0.02,
          "max": 3.586723076935218,
          "avg": 0.1993276852041714,
          "first": 3.4109887126160245,
          "last": 0.02,
          "trend": "decreasing",
          "std": 0.6265363739707936
        },
        "ppo_component": {
          "count": 1895,
          "min": 0,
          "max": 44.017469,
          "avg": 26.019699815303476,
          "first": 27.157356,
          "last": 30.67962,
          "trend": "increasing",
          "std": 4.479716118969874
        }
      }
    },
    "performance": {
      "total_records": 1901,
      "metrics": {
        "report_step": {
          "count": 1901,
          "min": 500,
          "max": 239500,
          "avg": 104995.26564965807,
          "first": 500,
          "last": 108000,
          "trend": "increasing",
          "std": 67764.5417459481
        },
        "best_distance": {
          "count": 1901,
          "min": 19.5,
          "max": 544.6,
          "avg": 82.72067332982742,
          "first": 274.6,
          "last": 87.7,
          "trend": "decreasing",
          "std": 55.879748291209296
        },
        "episode_best_distance": {
          "count": 1900,
          "min": 20.6,
          "max": 544.6,
          "avg": 88.66894736842349,
          "first": 274.6,
          "last": 87.7,
          "trend": "decreasing",
          "std": 63.86726427725241
        },
        "success_rate": {
          "count": 1901,
          "min": 0.0,
          "max": 100.0,