{
  "experiment_info": {
    "experiment_name": "large_scale_with_success_rate",
    "total_networks": 6,
    "total_records": 15147,
    "generation_time": "2025-09-19T00:59:12.056898"
  },
  "network_stats": {
    "ppo": {
      "total_records": 7654,
      "metrics": {
        "actor_loss": {
          "count": 7628,
          "min": 0.285371,
          "max": 0.954118,
          "avg": 0.3547515275301506,
          "first": 0.362651,
          "last": 0.361086,
          "trend": "decreasing",
          "std": 0.015990172309485916
        },
        "critic_loss": {
          "count": 7628,
          "min": 14.823588,
          "max": 44.746781,
          "avg": 23.348746889354935,
          "first": 30.234668,
          "last": 27.512021,
          "trend": "decreasing",
          "std": 4.901109243003223
        },
        "ppo_total_loss": {
          "count": 7628,
          "min": 15.182583,
          "max": 45.09808,
          "avg": 23.703498412690063,
          "first": 30.597319,
          "last": 27.873107,
          "trend": "decreasing",
          "std": 4.904552212742512
        },
        "entropy": {
          "count": 7628,
          "min": -0.486365,
          "max": 0.671911,
          "avg": -0.2259891778972211,
          "first": -0.242951,
          "last": -0.307131,
          "trend": "decreasing",
          "std": 0.2934987134382816
        },
        "learning_rate": {
          "count": 7647,
          "min": 3.76e-07,
          "max": 5.18e-05,
          "avg": 1.3061295802274975e-05,
          "first": 5.18e-05,
          "last": 6.19e-06,
          "trend": "decreasing",
          "std": 1.8704319732513325e-05
        },
        "update_count": {
          "count": 7647,
          "min": 0.0,
          "max": 3733.0,
          "avg": 1282.4576958284295,
          "first": 1.0,
          "last": 1038.0,
          "trend": "increasing",
          "std": 1010.4904298713536
        },
        "buffer_size": {
          "count": 7648,
          "min": 0.0,
          "max": 253.0,
          "avg": 13.12918410041841,
          "first": 0.0,
          "last": 0.0,
          "trend": "increasing",
          "std": 38.78203960581471
        }
      }
    },
    "attention": {
      "total_records": 1517,
      "metrics": {
        "attention_loss": {
          "count": 1517,
          "min": 0.05,
          "max": 2.0316393377215785,
          "avg": 0.2679658075848461,
          "first": 1.909864819868981,
          "last": 0.6312259524083648,
          "trend": "decreasing",
          "std": 0.49346943423736583
        },
        "attention_accuracy": {
          "count": 1517,
          "min": 0.27549629171634676,
          "max": 0.9498780650344371,
          "avg": 0.8646794537216295,
          "first": 0.3235220750165514,
          "last": 0.8634538814641561,
          "trend": "increasing",
          "std": 0.11823043733766875
        },
        "attention_entropy": {
          "count": 1517,
          "min": 0.01,
          "max": 0.9966166057480503,
          "avg": 0.08258232069695762,
          "first": 0.9750245266907823,
          "last": 0.01,
          "trend": "decreasing",
          "std": 0.20660951636592229
        }
      }
    },
    "gnn": {
      "total_records": 1517,
      "metrics": {
        "gnn_loss": {
          "count": 1517,
          "min": 0.1,
          "max": 2.5541532093606274,
          "avg": 0.3234097625702305,
          "first": 2.3029970807660516,
          "last": 0.6167816166985904,
          "trend": "decreasing",
          "std": 0.5573850126806271
        },
        "node_accuracy": {
          "count": 1517,
          "min": 0.2219865125669367,
          "max": 0.9799457252158189,
          "avg": 0.9085593551819972,
          "first": 0.27758837395192354,
          "last": 0.921673391790678,
          "trend": "increasing",
          "std": 0.1342631129657811
        },
        "edge_accuracy": {
          "count": 1517,
          "min": 0.18629346042331008,
          "max": 0.9899853956800282,
          "avg": 0.905829832338509,
          "first": 0.21979336466905922,
          "last": 0.9293915954497971,
          "trend": "increasing",
          "std": 0.14427409333461694
        },
        "graph_reconstruction_loss": {
          "count": 1517,
          "min": 0.05,
          "max": 1.4957314967131108,
          "avg": 0.15304989253665297,
          "first": 1.480535995926168,
          "last": 0.05,
          "trend": "decreasing",
          "std": 0.29809052075700915
        }
      }
    },
    "sac": {
      "total_records": 1517,
      "metrics": {
        "sac_critic_loss": {
          "count": 1517,
          "min": 0.01,
          "max": 2.0198155227786185,
          "avg": 0.13970060835846002,
          "first": 1.873689151339852,
          "last": 0.01,
          "trend": "decreasing",
          "std": 0.3939278267041425
        },
        "sac_actor_loss": {
          "count": 1517,
          "min": 0.01,
          "max": 1.5900905934711358,
          "avg": 0.12492169036692213,
          "first": 1.5372995612761726,
          "last": 0.01,
          "trend": "decreasing",
          "std": 0.32950686755060415
        },
        "alpha_loss": {
          "count": 1517,
          "min": 0.001,
          "max": 0.6023254525547552,
          "avg": 0.06925201040571283,
          "first": 0.6003394478714681,
          "last": 0.19022224420998543,
          "trend": "decreasing",
          "std": 0.15295305550921964
        }
      }
    },
    "total": {
      "total_records": 1469,
      "metrics": {
        "total_loss": {
          "count": 1469,
          "min": 0.21162210703162962,
          "max": 47.99557808473026,
          "avg": 25.807795498047124,
          "first": 7.623850613251057,
          "last": 28.854526569106955,
          "trend": "increasing",
          "std": 4.970082458749607
        },
        "attention_component": {
          "count": 1469,
          "min": 0.05,
          "max": 2.027894865871068,
          "avg": 0.23423700412962786,
          "first": 1.909864819868981,
          "last": 0.6312259524083648,
          "trend": "decreasing",
          "std": 0.4576872382275003
        },
        "gnn_component": {
          "count": 1469,
          "min": 0.1,
          "max": 2.5541532093606274,
          "avg": 0.2869080980210681,
          "first": 2.3029970807660516,
          "last": 0.6167816166985904,
          "trend": "decreasing",
          "std": 0.515483394862176
        },
        "sac_component": {
          "count": 1469,
          "min": 0.02,
          "max": 3.586723076935218,
          "avg": 0.2243100916077808,
          "first": 3.4109887126160245,
          "last": 0.02,
          "trend": "decreasing",
          "std": 0.6650215616203774
        },
        "ppo_component": {
          "count": 1467,
          "min": 0,
          "max": 44.017469,
          "avg": 25.096508457396055,
          "first": 27.157356,
          "last": 27.586519,
          "trend": "increasing",
          "std": 4.57120885853493
        }
      }
    },
    "performance": {
      "total_records": 1473,
      "metrics": {
        "report_step": {
          "count": 1473,
          "min": 500,
          "max": 239500,
          "avg": 100670.06109979634,
          "first": 500,
          "last": 133500,
          "trend": "increasing",
          "std": 65503.75138739088
        },
        "best_distance": {
          "count": 1473,
          "min": 19.5,
          "max": 544.6,
          "avg": 83.77372708757622,
          "first": 274.6,
          "last": 78.7,
          "trend": "decreasing",
          "std": 60.39568314533866
        },
        "episode_best_distance": {
          "count": 1472,
          "min": 20.6,
          "max": 544.6,
          "avg": 91.46107336956686,
          "first": 274.6,
          "last": 81.0,
          "trend": "decreasing",
          "std": 69.74120444535772
        },