{
  "config": {
    "experiment_info": {
      "experiment_name": "reacher2d_sac_20250911_114047",
      "start_time": "2025-09-11T11:40:47.886493",
      "log_dir": "./map_elites_experiments/individual_47121/training_logs/reacher2d_sac_20250911_114047",
      "python_version": "3.10.12",
      "platform": "posix"
    },
    "hyperparams": {
      "learning_rate": 3.4204916315557446e-06,
      "alpha": 0.42546006213579024,
      "warmup_steps": 1000,
      "target_entropy_factor": 0.8,
      "batch_size": 64,
      "buffer_capacity": 10000,
      "gamma": 0.99,
      "seed": 42,
      "num_processes": 2,
      "update_frequency": 1,
      "total_steps": 120000,
      "optimizer": "Adam",
      "network_architecture": {
        "attn_model_dims": "128-130-130-4",
        "action_dim": 4
      }
    },
    "env_config": {
      "env_name": "reacher2d",
      "env_type": "reacher2d",
      "goal_threshold": 20.0,
      "action_dim": 4,
      "num_links": 4,
      "link_lengths": [
        52.40580255818921,
        90.62877825056538,
        85.62538115357584,
        70.57256083637319
      ],
      "config_path": "/home/xli149/Documents/repos/test_robo/examples/2d_reacher/configs/reacher_with_zigzag_obstacles.yaml",
      "render_mode": null,
      "reward_function": "\u8ddd\u79bb+\u8fdb\u5ea6+\u6210\u529f+\u78b0\u649e+\u65b9\u5411\u5956\u52b1",
      "physics_engine": "PyMunk",
      "obstacle_type": "zigzag",
      "action_space": "continuous",
      "observation_space": "joint_angles_and_positions"
    },
    "training_metrics": {
      "total_steps": 0,
      "total_episodes": 0,
      "training_time_hours": 0,
      "avg_steps_per_second": 0
    }
  },
  "steps": [
    1000
  ],
  "times": [
    8.254030227661133
  ],
  "episodes": [
    10
  ],
  "metrics": {
    "lr": [
      1e-05
    ],
    "critic_loss": [
      6.340239197702379
    ],
    "actor_loss": [
      -1.0492957638234617
    ],
    "alpha_loss": [
      -0.0
    ],
    "alpha": [
      0.9999965795142242
    ],
    "q1_mean": [
      -0.23159787546406047
    ],
    "q2_mean": [
      0.6316304391262452
    ],
    "q1_std": [
      4.251805375918159
    ],
    "q2_std": [
      3.738942931355327
    ],
    "q1_max": [
      10.443962947447938
    ],
    "q1_min": [
      -8.844787561430392
    ],
    "q2_max": [
      8.69885656728236
    ],
    "q2_min": [
      -4.7809335864427265
    ],
    "q_diff_mean": [
      4.698725775552292
    ],
    "target_q_mean": [
      -2.322455416136626
    ],
    "buffer_size": [
      1002.0
    ],
    "entropy_term": [
      -1.123941121340684
    ],
    "q_term": [
      -0.0746453575172222
    ],
    "log_probs_mean": [
      -2.641707698011772
    ],
    "step": [
      1000.0
    ],
    "learning_rate": [
      3.4204916315557446e-06
    ],
    "warmup_progress": [
      1.0
    ]
  }
}