{
  "config": {
    "experiment_info": {
      "experiment_name": "reacher2d_sac_20250911_113450",
      "start_time": "2025-09-11T11:34:50.571597",
      "log_dir": "./map_elites_experiments/individual_90024/training_logs/reacher2d_sac_20250911_113450",
      "python_version": "3.10.12",
      "platform": "posix"
    },
    "hyperparams": {
      "learning_rate": 3.4218037877482484e-06,
      "alpha": 0.24530832874231467,
      "warmup_steps": 1000,
      "target_entropy_factor": 0.8,
      "batch_size": 64,
      "buffer_capacity": 10000,
      "gamma": 0.99,
      "seed": 42,
      "num_processes": 2,
      "update_frequency": 1,
      "total_steps": 120000,
      "optimizer": "Adam",
      "network_architecture": {
        "attn_model_dims": "128-130-130-4",
        "action_dim": 3
      }
    },
    "env_config": {
      "env_name": "reacher2d",
      "env_type": "reacher2d",
      "goal_threshold": 20.0,
      "action_dim": 3,
      "num_links": 3,
      "link_lengths": [
        71.0642579449315,
        46.595582367622484,
        86.18151891619905
      ],
      "config_path": "/home/xli149/Documents/repos/test_robo/examples/2d_reacher/configs/reacher_with_zigzag_obstacles.yaml",
      "render_mode": null,
      "reward_function": "\u8ddd\u79bb+\u8fdb\u5ea6+\u6210\u529f+\u78b0\u649e+\u65b9\u5411\u5956\u52b1",
      "physics_engine": "PyMunk",
      "obstacle_type": "zigzag",
      "action_space": "continuous",
      "observation_space": "joint_angles_and_positions"
    },
    "training_metrics": {
      "total_steps": 0,
      "total_episodes": 0,
      "training_time_hours": 0,
      "avg_steps_per_second": 0
    }
  },
  "steps": [
    1000
  ],
  "times": [
    8.204024314880371
  ],
  "episodes": [
    10
  ],
  "metrics": {
    "lr": [
      1e-05
    ],
    "critic_loss": [
      3.3942792611632937
    ],
    "actor_loss": [
      -0.39607636786360867
    ],
    "alpha_loss": [
      -0.0
    ],
    "alpha": [
      0.9999965782020744
    ],
    "q1_mean": [
      -2.544213478165819
    ],
    "q2_mean": [
      -4.603792233219134
    ],
    "q1_std": [
      2.0873443687054674
    ],
    "q2_std": [
      2.814600501281347
    ],
    "q1_max": [
      2.056320328076308
    ],
    "q1_min": [
      -7.058955572683287
    ],
    "q2_max": [
      -1.014651607443661
    ],
    "q2_min": [
      -14.089505186045658
    ],
    "q_diff_mean": [
      3.528487974824203
    ],
    "target_q_mean": [
      -2.416983150480335
    ],
    "buffer_size": [
      1002.0
    ],
    "entropy_term": [
      -0.47973822957513146
    ],
    "q_term": [
      -0.08366186171152286
    ],
    "log_probs_mean": [
      -1.955654062113296
    ],
    "step": [
      1000.0
    ],
    "learning_rate": [
      3.4218037877482484e-06
    ],
    "warmup_progress": [
      1.0
    ]
  }
}